id,sCreatedDate,sInstanceId,MoveNumber,Cell0,Cell1,Cell2,Cell3,Cell4,Cell5,Cell6,Cell7,Cell8,GameResultCode,Draw,Player1Wins,Player2Wins
1,'2022-02-23 01:19:53.382','1645334109102',1,0,0,0,0,1,0,0,0,0,1,0,1,0
2,'2022-02-23 01:19:53.383','1645334109102',2,0,0,0,2,1,0,0,0,0,1,0,1,0
3,'2022-02-23 01:19:53.383','1645334109102',3,0,0,0,2,1,0,0,0,0,1,0,1,0
4,'2022-02-23 01:19:53.383','1645334109102',4,2,0,0,2,1,0,0,0,0,1,0,1,0
5,'2022-02-23 01:19:53.383','1645334109102',5,2,0,0,2,1,0,1,0,0,1,0,1,0
6,'2022-02-23 01:19:53.383','1645334109102',6,2,0,0,2,1,0,1,2,0,1,0,1,0
7,'2022-02-23 01:19:53.383','1645334109102',7,2,0,1,2,1,0,1,2,0,1,0,1,0
8,'2022-02-23 01:19:53.384','1645334172200',1,0,0,0,0,0,1,0,0,0,3,1,0,0
9,'2022-02-23 01:19:53.384','1645334172200',2,0,0,0,0,0,1,2,0,0,3,1,0,0
10,'2022-02-23 01:19:53.384','1645334172200',3,0,0,0,0,1,1,2,0,0,3,1,0,0
11,'2022-02-23 01:19:53.384','1645334172200',4,0,0,0,2,1,1,2,0,0,3,1,0,0
12,'2022-02-23 01:19:53.384','1645334172200',5,1,0,0,2,1,1,2,0,0,3,1,0,0
13,'2022-02-23 01:19:53.384','1645334172200',6,1,0,0,2,1,1,2,0,0,3,1,0,0
14,'2022-02-23 01:19:53.384','1645334172200',7,1,0,0,2,1,1,2,1,0,3,1,0,0
15,'2022-02-23 01:19:53.384','1645334172200',8,1,2,0,2,1,1,2,1,0,3,1,0,0
16,'2022-02-23 01:19:53.384','1645334172200',9,1,2,1,2,1,1,2,1,0,3,1,0,0
17,'2022-02-23 01:19:53.384','1645334189818',1,0,0,0,1,0,0,0,0,0,1,0,1,0
18,'2022-02-23 01:19:53.384','1645334189818',2,0,0,0,1,0,0,0,2,0,1,0,1,0
19,'2022-02-23 01:19:53.384','1645334189818',3,0,1,0,1,0,0,0,2,0,1,0,1,0
20,'2022-02-23 01:19:53.384','1645334189818',4,0,1,0,1,0,0,0,2,0,1,0,1,0
21,'2022-02-23 01:19:53.384','1645334189818',5,0,1,0,1,0,0,1,2,0,1,0,1,0
22,'2022-02-23 01:19:53.384','1645334189818',6,2,1,0,1,0,0,1,2,0,1,0,1,0
23,'2022-02-23 01:19:53.384','1645334189818',7,2,1,0,1,1,0,1,2,0,1,0,1,0
24,'2022-02-23 01:19:53.384','1645334189818',8,2,1,0,1,1,2,1,2,0,1,0,1,0
25,'2022-02-23 01:19:53.384','1645334189818',9,2,1,1,1,1,2,1,2,0,1,0,1,0
26,'2022-02-23 01:19:53.384','1645334219138',1,0,0,0,0,0,0,0,0,0,3,1,0,0
27,'2022-02-23 01:19:53.384','1645334219138',2,0,0,0,0,0,2,0,0,0,3,1,0,0
28,'2022-02-23 01:19:53.384','1645334219138',3,0,0,0,0,1,2,0,0,0,3,1,0,0
29,'2022-02-23 01:19:53.384','1645334219138',4,2,0,0,0,1,2,0,0,0,3,1,0,0
30,'2022-02-23 01:19:53.384','1645334219138',5,2,0,1,0,1,2,0,0,0,3,1,0,0
31,'2022-02-23 01:19:53.384','1645334219138',6,2,0,1,0,1,2,2,0,0,3,1,0,0
32,'2022-02-23 01:19:53.384','1645334219138',7,2,0,1,1,1,2,2,0,0,3,1,0,0
33,'2022-02-23 01:19:53.384','1645334219138',8,2,2,1,1,1,2,2,0,0,3,1,0,0
34,'2022-02-23 01:19:53.384','1645334219138',9,2,2,1,1,1,2,2,1,0,3,1,0,0
35,'2022-02-23 01:19:53.384','1645334275652',1,0,0,1,0,0,0,0,0,0,1,0,1,0
36,'2022-02-23 01:19:53.384','1645334275652',2,0,0,1,2,0,0,0,0,0,1,0,1,0
37,'2022-02-23 01:19:53.384','1645334275652',3,0,0,1,2,1,0,0,0,0,1,0,1,0
38,'2022-02-23 01:19:53.384','1645334275652',4,0,0,1,2,1,0,2,0,0,1,0,1,0
39,'2022-02-23 01:19:53.384','1645334275652',5,1,0,1,2,1,0,2,0,0,1,0,1,0
40,'2022-02-23 01:19:53.384','1645334275652',6,1,2,1,2,1,0,2,0,0,1,0,1,0
41,'2022-02-23 01:19:53.384','1645334275652',7,1,2,1,2,1,0,2,0,0,1,0,1,0
42,'2022-02-23 01:19:53.384','1645334289852',1,0,0,0,0,0,0,0,1,0,2,0,0,1
43,'2022-02-23 01:19:53.384','1645334289852',2,0,0,0,2,0,0,0,1,0,2,0,0,1
44,'2022-02-23 01:19:53.384','1645334289852',3,0,0,0,2,1,0,0,1,0,2,0,0,1
45,'2022-02-23 01:19:53.384','1645334289852',4,0,2,0,2,1,0,0,1,0,2,0,0,1
46,'2022-02-23 01:19:53.384','1645334289852',5,0,2,0,2,1,1,0,1,0,2,0,0,1
47,'2022-02-23 01:19:53.384','1645334289852',6,2,2,0,2,1,1,0,1,0,2,0,0,1
48,'2022-02-23 01:19:53.384','1645334289852',7,2,2,1,2,1,1,0,1,0,2,0,0,1
49,'2022-02-23 01:19:53.384','1645334289852',8,2,2,1,2,1,1,2,1,0,2,0,0,1
50,'2022-02-23 01:19:53.384','1645334310605',1,0,0,0,1,0,0,0,0,0,3,1,0,0
51,'2022-02-23 01:19:53.384','1645334310605',2,0,0,0,1,0,0,0,2,0,3,1,0,0
52,'2022-02-23 01:19:53.384','1645334310605',3,0,0,0,1,1,0,0,2,0,3,1,0,0
53,'2022-02-23 01:19:53.384','1645334310605',4,0,0,0,1,1,2,0,2,0,3,1,0,0
54,'2022-02-23 01:19:53.384','1645334310605',5,0,0,1,1,1,2,0,2,0,3,1,0,0
55,'2022-02-23 01:19:53.384','1645334310605',6,0,0,1,1,1,2,2,2,0,3,1,0,0
56,'2022-02-23 01:19:53.384','1645334310605',7,0,0,1,1,1,2,2,2,0,3,1,0,0
57,'2022-02-23 01:19:53.384','1645334310605',8,2,0,1,1,1,2,2,2,0,3,1,0,0
58,'2022-02-23 01:19:53.384','1645334310605',9,2,1,1,1,1,2,2,2,0,3,1,0,0
59,'2022-02-23 01:19:53.384','1645334321166',1,0,0,0,0,1,0,0,0,0,2,0,0,1
60,'2022-02-23 01:19:53.384','1645334321166',2,0,0,0,0,1,2,0,0,0,2,0,0,1
61,'2022-02-23 01:19:53.384','1645334321166',3,1,0,0,0,1,2,0,0,0,2,0,0,1
62,'2022-02-23 01:19:53.384','1645334321166',4,1,0,0,0,1,2,0,0,0,2,0,0,1
63,'2022-02-23 01:19:53.384','1645334321166',5,1,0,0,0,1,2,1,0,0,2,0,0,1
64,'2022-02-23 01:19:53.384','1645334321166',6,1,0,2,0,1,2,1,0,0,2,0,0,1
65,'2022-02-23 01:19:53.384','1645334340702',1,0,0,0,0,0,1,0,0,0,3,1,0,0
66,'2022-02-23 01:19:53.384','1645334340702',2,0,0,0,0,2,1,0,0,0,3,1,0,0
67,'2022-02-23 01:19:53.384','1645334340702',3,0,0,1,0,2,1,0,0,0,3,1,0,0
68,'2022-02-23 01:19:53.384','1645334340702',4,0,0,1,0,2,1,0,0,0,3,1,0,0
69,'2022-02-23 01:19:53.384','1645334340702',5,1,0,1,0,2,1,0,0,0,3,1,0,0
70,'2022-02-23 01:19:53.384','1645334340702',6,1,2,1,0,2,1,0,0,0,3,1,0,0
71,'2022-02-23 01:19:53.384','1645334340702',7,1,2,1,0,2,1,0,1,0,3,1,0,0
72,'2022-02-23 01:19:53.384','1645334340702',8,1,2,1,0,2,1,2,1,0,3,1,0,0
73,'2022-02-23 01:19:53.384','1645334340702',9,1,2,1,1,2,1,2,1,0,3,1,0,0
74,'2022-02-23 01:19:53.384','1645334350439',1,0,0,0,0,1,0,0,0,0,3,1,0,0
75,'2022-02-23 01:19:53.384','1645334350439',2,0,0,0,0,1,0,2,0,0,3,1,0,0
76,'2022-02-23 01:19:53.384','1645334350439',3,1,0,0,0,1,0,2,0,0,3,1,0,0
77,'2022-02-23 01:19:53.384','1645334350439',4,1,0,0,0,1,0,2,0,0,3,1,0,0
78,'2022-02-23 01:19:53.384','1645334350439',5,1,0,0,0,1,0,2,1,0,3,1,0,0
79,'2022-02-23 01:19:53.384','1645334350439',6,1,2,0,0,1,0,2,1,0,3,1,0,0
80,'2022-02-23 01:19:53.384','1645334350439',7,1,2,0,0,1,1,2,1,0,3,1,0,0
81,'2022-02-23 01:19:53.384','1645334350439',8,1,2,0,2,1,1,2,1,0,3,1,0,0
82,'2022-02-23 01:19:53.384','1645334350439',9,1,2,1,2,1,1,2,1,0,3,1,0,0
83,'2022-02-23 01:19:53.384','1645334362536',1,0,0,0,0,1,0,0,0,0,2,0,0,1
84,'2022-02-23 01:19:53.384','1645334362536',2,0,0,2,0,1,0,0,0,0,2,0,0,1
85,'2022-02-23 01:19:53.384','1645334362536',3,1,0,2,0,1,0,0,0,0,2,0,0,1
86,'2022-02-23 01:19:53.384','1645334362536',4,1,0,2,0,1,0,0,0,0,2,0,0,1
87,'2022-02-23 01:19:53.384','1645334362536',5,1,0,2,0,1,0,1,0,0,2,0,0,1
88,'2022-02-23 01:19:53.384','1645334362536',6,1,0,2,0,1,2,1,0,0,2,0,0,1
89,'2022-02-23 01:19:53.384','1645334370391',1,0,0,0,0,1,0,0,0,0,3,1,0,0
90,'2022-02-23 01:19:53.384','1645334370391',2,0,0,0,0,1,0,0,0,0,3,1,0,0
91,'2022-02-23 01:19:53.384','1645334370391',3,0,0,1,0,1,0,0,0,0,3,1,0,0
92,'2022-02-23 01:19:53.384','1645334370391',4,0,0,1,0,1,0,2,0,0,3,1,0,0
93,'2022-02-23 01:19:53.384','1645334370391',5,0,0,1,0,1,0,2,1,0,3,1,0,0
94,'2022-02-23 01:19:53.384','1645334370391',6,0,2,1,0,1,0,2,1,0,3,1,0,0
95,'2022-02-23 01:19:53.384','1645334370391',7,1,2,1,0,1,0,2,1,0,3,1,0,0
96,'2022-02-23 01:19:53.384','1645334370391',8,1,2,1,2,1,0,2,1,0,3,1,0,0
97,'2022-02-23 01:19:53.384','1645334370391',9,1,2,1,2,1,1,2,1,0,3,1,0,0
98,'2022-02-23 01:19:53.384','1645334383537',1,0,0,0,0,0,0,1,0,0,1,0,1,0
99,'2022-02-23 01:19:53.384','1645334383537',2,0,2,0,0,0,0,1,0,0,1,0,1,0
100,'2022-02-23 01:19:53.384','1645334383537',3,0,2,0,0,1,0,1,0,0,1,0,1,0
101,'2022-02-23 01:19:53.384','1645334383537',4,0,2,2,0,1,0,1,0,0,1,0,1,0
102,'2022-02-23 01:19:53.384','1645334383537',5,1,2,2,0,1,0,1,0,0,1,0,1,0
103,'2022-02-23 01:19:53.384','1645334383537',6,1,2,2,2,1,0,1,0,0,1,0,1,0
104,'2022-02-23 01:19:53.384','1645334383537',7,1,2,2,2,1,0,1,0,0,1,0,1,0
105,'2022-02-23 01:19:53.384','1645334392801',1,1,0,0,0,0,0,0,0,0,3,1,0,0
106,'2022-02-23 01:19:53.384','1645334392801',2,1,0,0,2,0,0,0,0,0,3,1,0,0
107,'2022-02-23 01:19:53.384','1645334392801',3,1,0,0,2,1,0,0,0,0,3,1,0,0
108,'2022-02-23 01:19:53.384','1645334392801',4,1,0,0,2,1,0,0,0,0,3,1,0,0
109,'2022-02-23 01:19:53.384','1645334392801',5,1,0,0,2,1,0,1,0,0,3,1,0,0
110,'2022-02-23 01:19:53.384','1645334392801',6,1,0,2,2,1,0,1,0,0,3,1,0,0
111,'2022-02-23 01:19:53.384','1645334392801',7,1,0,2,2,1,1,1,0,0,3,1,0,0
112,'2022-02-23 01:19:53.384','1645334392801',8,1,2,2,2,1,1,1,0,0,3,1,0,0
113,'2022-02-23 01:19:53.384','1645334392801',9,1,2,2,2,1,1,1,1,0,3,1,0,0
114,'2022-02-23 01:19:53.384','1645334428969',1,1,0,0,0,0,0,0,0,0,1,0,1,0
115,'2022-02-23 01:19:53.384','1645334428969',2,1,0,2,0,0,0,0,0,0,1,0,1,0
116,'2022-02-23 01:19:53.384','1645334428969',3,1,0,2,0,0,0,1,0,0,1,0,1,0
117,'2022-02-23 01:19:53.384','1645334428969',4,1,0,2,2,0,0,1,0,0,1,0,1,0
118,'2022-02-23 01:19:53.384','1645334428969',5,1,0,2,2,0,0,1,0,0,1,0,1,0
119,'2022-02-23 01:19:53.384','1645334428969',6,1,0,2,2,0,0,1,2,0,1,0,1,0
120,'2022-02-23 01:19:53.384','1645334428969',7,1,0,2,2,1,0,1,2,0,1,0,1,0
121,'2022-02-23 01:19:53.384','1645334439098',1,1,0,0,0,0,0,0,0,0,3,1,0,0
122,'2022-02-23 01:19:53.384','1645334439098',2,1,0,0,2,0,0,0,0,0,3,1,0,0
123,'2022-02-23 01:19:53.384','1645334439098',3,1,0,0,2,0,0,0,0,0,3,1,0,0
124,'2022-02-23 01:19:53.384','1645334439098',4,1,0,0,2,2,0,0,0,0,3,1,0,0
125,'2022-02-23 01:19:53.384','1645334439098',5,1,0,0,2,2,1,0,0,0,3,1,0,0
126,'2022-02-23 01:19:53.384','1645334439098',6,1,0,2,2,2,1,0,0,0,3,1,0,0
127,'2022-02-23 01:19:53.384','1645334439098',7,1,0,2,2,2,1,1,0,0,3,1,0,0
128,'2022-02-23 01:19:53.384','1645334439098',8,1,0,2,2,2,1,1,2,0,3,1,0,0
129,'2022-02-23 01:19:53.384','1645334439098',9,1,1,2,2,2,1,1,2,0,3,1,0,0
130,'2022-02-23 01:19:53.385','1645334453770',1,0,1,0,0,0,0,0,0,0,3,1,0,0
131,'2022-02-23 01:19:53.385','1645334453770',2,0,1,0,0,0,0,2,0,0,3,1,0,0
132,'2022-02-23 01:19:53.385','1645334453770',3,0,1,0,0,1,0,2,0,0,3,1,0,0
133,'2022-02-23 01:19:53.385','1645334453770',4,0,1,0,0,1,0,2,2,0,3,1,0,0
134,'2022-02-23 01:19:53.385','1645334453770',5,0,1,0,0,1,0,2,2,0,3,1,0,0
135,'2022-02-23 01:19:53.385','1645334453770',6,2,1,0,0,1,0,2,2,0,3,1,0,0
136,'2022-02-23 01:19:53.385','1645334453770',7,2,1,0,1,1,0,2,2,0,3,1,0,0
137,'2022-02-23 01:19:53.385','1645334453770',8,2,1,0,1,1,2,2,2,0,3,1,0,0
138,'2022-02-23 01:19:53.385','1645334453770',9,2,1,1,1,1,2,2,2,0,3,1,0,0
139,'2022-02-23 01:19:53.385','1645334462994',1,0,0,0,0,1,0,0,0,0,1,0,1,0
140,'2022-02-23 01:19:53.385','1645334462994',2,0,0,0,0,1,2,0,0,0,1,0,1,0
141,'2022-02-23 01:19:53.385','1645334462994',3,0,0,0,0,1,2,1,0,0,1,0,1,0
142,'2022-02-23 01:19:53.385','1645334462994',4,0,0,2,0,1,2,1,0,0,1,0,1,0
143,'2022-02-23 01:19:53.385','1645334462994',5,0,0,2,0,1,2,1,0,0,1,0,1,0
144,'2022-02-23 01:19:53.385','1645334462994',6,0,0,2,0,1,2,1,2,0,1,0,1,0
145,'2022-02-23 01:19:53.385','1645334462994',7,1,0,2,0,1,2,1,2,0,1,0,1,0
146,'2022-02-23 01:19:53.385','1645334474491',1,0,0,0,0,0,0,1,0,0,3,1,0,0
147,'2022-02-23 01:19:53.385','1645334474491',2,0,0,0,0,2,0,1,0,0,3,1,0,0
148,'2022-02-23 01:19:53.385','1645334474491',3,0,0,1,0,2,0,1,0,0,3,1,0,0
149,'2022-02-23 01:19:53.385','1645334474491',4,0,0,1,0,2,2,1,0,0,3,1,0,0
150,'2022-02-23 01:19:53.385','1645334474491',5,0,0,1,1,2,2,1,0,0,3,1,0,0
151,'2022-02-23 01:19:53.385','1645334474491',6,2,0,1,1,2,2,1,0,0,3,1,0,0
152,'2022-02-23 01:19:53.385','1645334474491',7,2,0,1,1,2,2,1,0,0,3,1,0,0
153,'2022-02-23 01:19:53.385','1645334474491',8,2,0,1,1,2,2,1,2,0,3,1,0,0
154,'2022-02-23 01:19:53.385','1645334474491',9,2,1,1,1,2,2,1,2,0,3,1,0,0
155,'2022-02-23 01:19:53.385','1645334484851',1,1,0,0,0,0,0,0,0,0,1,0,1,0
156,'2022-02-23 01:19:53.385','1645334484851',2,1,0,0,0,0,0,0,0,0,1,0,1,0
157,'2022-02-23 01:19:53.385','1645334484851',3,1,0,0,0,0,0,1,0,0,1,0,1,0
158,'2022-02-23 01:19:53.385','1645334484851',4,1,0,0,2,0,0,1,0,0,1,0,1,0
159,'2022-02-23 01:19:53.385','1645334484851',5,1,0,1,2,0,0,1,0,0,1,0,1,0
160,'2022-02-23 01:19:53.385','1645334484851',6,1,2,1,2,0,0,1,0,0,1,0,1,0
161,'2022-02-23 01:19:53.385','1645334484851',7,1,2,1,2,1,0,1,0,0,1,0,1,0
162,'2022-02-23 01:19:53.385','1645334494973',1,0,0,0,0,0,0,0,0,0,3,1,0,0
163,'2022-02-23 01:19:53.385','1645334494973',2,0,0,2,0,0,0,0,0,0,3,1,0,0
164,'2022-02-23 01:19:53.385','1645334494973',3,1,0,2,0,0,0,0,0,0,3,1,0,0
165,'2022-02-23 01:19:53.385','1645334494973',4,1,0,2,0,2,0,0,0,0,3,1,0,0
166,'2022-02-23 01:19:53.385','1645334494973',5,1,0,2,0,2,0,1,0,0,3,1,0,0
167,'2022-02-23 01:19:53.385','1645334494973',6,1,0,2,0,2,0,1,2,0,3,1,0,0
168,'2022-02-23 01:19:53.385','1645334494973',7,1,1,2,0,2,0,1,2,0,3,1,0,0
169,'2022-02-23 01:19:53.385','1645334494973',8,1,1,2,2,2,0,1,2,0,3,1,0,0
170,'2022-02-23 01:19:53.385','1645334494973',9,1,1,2,2,2,1,1,2,0,3,1,0,0
171,'2022-02-23 01:19:53.385','1645334504037',1,0,0,0,0,1,0,0,0,0,1,0,1,0
172,'2022-02-23 01:19:53.385','1645334504037',2,0,0,0,2,1,0,0,0,0,1,0,1,0
173,'2022-02-23 01:19:53.385','1645334504037',3,0,0,1,2,1,0,0,0,0,1,0,1,0
174,'2022-02-23 01:19:53.385','1645334504037',4,0,0,1,2,1,0,2,0,0,1,0,1,0
175,'2022-02-23 01:19:53.385','1645334504037',5,1,0,1,2,1,0,2,0,0,1,0,1,0
176,'2022-02-23 01:19:53.385','1645334504037',6,1,2,1,2,1,0,2,0,0,1,0,1,0
177,'2022-02-23 01:19:53.385','1645334504037',7,1,2,1,2,1,0,2,0,0,1,0,1,0
178,'2022-02-23 01:19:53.385','1645334514132',1,0,0,0,0,0,0,1,0,0,3,1,0,0
179,'2022-02-23 01:19:53.385','1645334514132',2,0,0,0,2,0,0,1,0,0,3,1,0,0
180,'2022-02-23 01:19:53.385','1645334514132',3,0,0,0,2,1,0,1,0,0,3,1,0,0
181,'2022-02-23 01:19:53.385','1645334514132',4,0,0,2,2,1,0,1,0,0,3,1,0,0
182,'2022-02-23 01:19:53.385','1645334514132',5,1,0,2,2,1,0,1,0,0,3,1,0,0
183,'2022-02-23 01:19:53.385','1645334514132',6,1,0,2,2,1,0,1,0,0,3,1,0,0
184,'2022-02-23 01:19:53.385','1645334514132',7,1,0,2,2,1,1,1,0,0,3,1,0,0
185,'2022-02-23 01:19:53.385','1645334514132',8,1,2,2,2,1,1,1,0,0,3,1,0,0
186,'2022-02-23 01:19:53.385','1645334514132',9,1,2,2,2,1,1,1,1,0,3,1,0,0
187,'2022-02-23 01:19:53.385','1645334524661',1,0,0,0,1,0,0,0,0,0,2,0,0,1
188,'2022-02-23 01:19:53.385','1645334524661',2,0,0,0,1,2,0,0,0,0,2,0,0,1
189,'2022-02-23 01:19:53.385','1645334524661',3,0,0,0,1,2,0,1,0,0,2,0,0,1
190,'2022-02-23 01:19:53.385','1645334524661',4,2,0,0,1,2,0,1,0,0,2,0,0,1
191,'2022-02-23 01:19:53.385','1645334524661',5,2,1,0,1,2,0,1,0,0,2,0,0,1
192,'2022-02-23 01:19:53.385','1645334524661',6,2,1,0,1,2,0,1,0,0,2,0,0,1
193,'2022-02-23 01:19:53.385','1645334696884',1,0,0,0,0,1,0,0,0,0,1,0,1,0
194,'2022-02-23 01:19:53.385','1645334696884',2,0,0,0,0,1,0,0,2,0,1,0,1,0
195,'2022-02-23 01:19:53.385','1645334696884',3,1,0,0,0,1,0,0,2,0,1,0,1,0
196,'2022-02-23 01:19:53.385','1645334696884',4,1,0,0,0,1,0,0,2,0,1,0,1,0
197,'2022-02-23 01:19:53.385','1645334696884',5,1,0,0,0,1,0,1,2,0,1,0,1,0
198,'2022-02-23 01:19:53.385','1645334696884',6,1,0,0,2,1,0,1,2,0,1,0,1,0
199,'2022-02-23 01:19:53.385','1645334696884',7,1,0,1,2,1,0,1,2,0,1,0,1,0
200,'2022-02-23 01:19:53.385','1645334725125',1,0,0,0,0,1,0,0,0,0,3,1,0,0
201,'2022-02-23 01:19:53.385','1645334725125',2,0,0,0,0,1,0,2,0,0,3,1,0,0
202,'2022-02-23 01:19:53.385','1645334725125',3,0,0,0,0,1,0,2,0,0,3,1,0,0
203,'2022-02-23 01:19:53.385','1645334725125',4,2,0,0,0,1,0,2,0,0,3,1,0,0
204,'2022-02-23 01:19:53.385','1645334725125',5,2,0,0,1,1,0,2,0,0,3,1,0,0
205,'2022-02-23 01:19:53.385','1645334725125',6,2,0,0,1,1,2,2,0,0,3,1,0,0
206,'2022-02-23 01:19:53.385','1645334725125',7,2,1,0,1,1,2,2,0,0,3,1,0,0
207,'2022-02-23 01:19:53.385','1645334725125',8,2,1,0,1,1,2,2,2,0,3,1,0,0
208,'2022-02-23 01:19:53.385','1645334725125',9,2,1,1,1,1,2,2,2,0,3,1,0,0
209,'2022-02-23 01:19:53.385','1645334773182',1,0,0,0,0,0,0,1,0,0,3,1,0,0
210,'2022-02-23 01:19:53.385','1645334773182',2,0,0,0,0,0,0,1,0,0,3,1,0,0
211,'2022-02-23 01:19:53.385','1645334773182',3,0,0,0,0,1,0,1,0,0,3,1,0,0
212,'2022-02-23 01:19:53.385','1645334773182',4,0,0,2,0,1,0,1,0,0,3,1,0,0
213,'2022-02-23 01:19:53.385','1645334773182',5,0,0,2,0,1,1,1,0,0,3,1,0,0
214,'2022-02-23 01:19:53.385','1645334773182',6,0,0,2,2,1,1,1,0,0,3,1,0,0
215,'2022-02-23 01:19:53.385','1645334773182',7,0,1,2,2,1,1,1,0,0,3,1,0,0
216,'2022-02-23 01:19:53.385','1645334773182',8,0,1,2,2,1,1,1,2,0,3,1,0,0
217,'2022-02-23 01:19:53.385','1645334773182',9,1,1,2,2,1,1,1,2,0,3,1,0,0
218,'2022-02-23 01:19:53.385','1645334811568',1,0,0,0,0,1,0,0,0,0,1,0,1,0
219,'2022-02-23 01:19:53.385','1645334811568',2,0,2,0,0,1,0,0,0,0,1,0,1,0
220,'2022-02-23 01:19:53.385','1645334811568',3,0,2,1,0,1,0,0,0,0,1,0,1,0
221,'2022-02-23 01:19:53.385','1645334811568',4,0,2,1,0,1,0,2,0,0,1,0,1,0
222,'2022-02-23 01:19:53.385','1645334811568',5,0,2,1,0,1,0,2,0,0,1,0,1,0
223,'2022-02-23 01:19:53.385','1645334811568',6,0,2,1,0,1,2,2,0,0,1,0,1,0
224,'2022-02-23 01:19:53.385','1645334811568',7,1,2,1,0,1,2,2,0,0,1,0,1,0
225,'2022-02-23 01:19:53.385','1645334839465',1,0,0,0,0,1,0,0,0,0,1,0,1,0
226,'2022-02-23 01:19:53.385','1645334839465',2,0,0,0,2,1,0,0,0,0,1,0,1,0
227,'2022-02-23 01:19:53.385','1645334839465',3,0,0,0,2,1,0,1,0,0,1,0,1,0
228,'2022-02-23 01:19:53.385','1645334839465',4,0,0,2,2,1,0,1,0,0,1,0,1,0
229,'2022-02-23 01:19:53.385','1645334839465',5,0,0,2,2,1,0,1,0,0,1,0,1,0
230,'2022-02-23 01:19:53.385','1645334839465',6,0,0,2,2,1,0,1,2,0,1,0,1,0
231,'2022-02-23 01:19:53.385','1645334839465',7,1,0,2,2,1,0,1,2,0,1,0,1,0
232,'2022-02-23 01:19:53.385','1645334886058',1,0,0,0,0,0,1,0,0,0,3,1,0,0
233,'2022-02-23 01:19:53.385','1645334886058',2,0,0,2,0,0,1,0,0,0,3,1,0,0
234,'2022-02-23 01:19:53.385','1645334886058',3,0,0,2,0,1,1,0,0,0,3,1,0,0
235,'2022-02-23 01:19:53.385','1645334886058',4,0,0,2,2,1,1,0,0,0,3,1,0,0
236,'2022-02-23 01:19:53.385','1645334886058',5,1,0,2,2,1,1,0,0,0,3,1,0,0
237,'2022-02-23 01:19:53.385','1645334886058',6,1,0,2,2,1,1,0,0,0,3,1,0,0
238,'2022-02-23 01:19:53.385','1645334886058',7,1,0,2,2,1,1,0,1,0,3,1,0,0
239,'2022-02-23 01:19:53.385','1645334886058',8,1,2,2,2,1,1,0,1,0,3,1,0,0
240,'2022-02-23 01:19:53.385','1645334886058',9,1,2,2,2,1,1,1,1,0,3,1,0,0
241,'2022-02-23 01:19:53.385','1645334926260',1,0,0,0,0,1,0,0,0,0,3,1,0,0
242,'2022-02-23 01:19:53.385','1645334926260',2,0,0,0,0,1,0,2,0,0,3,1,0,0
243,'2022-02-23 01:19:53.385','1645334926260',3,0,0,0,0,1,0,2,0,0,3,1,0,0
244,'2022-02-23 01:19:53.385','1645334926260',4,2,0,0,0,1,0,2,0,0,3,1,0,0
245,'2022-02-23 01:19:53.385','1645334926260',5,2,0,0,1,1,0,2,0,0,3,1,0,0
246,'2022-02-23 01:19:53.385','1645334926260',6,2,0,0,1,1,2,2,0,0,3,1,0,0
247,'2022-02-23 01:19:53.385','1645334926260',7,2,1,0,1,1,2,2,0,0,3,1,0,0
248,'2022-02-23 01:19:53.385','1645334926260',8,2,1,0,1,1,2,2,2,0,3,1,0,0
249,'2022-02-23 01:19:53.385','1645334926260',9,2,1,1,1,1,2,2,2,0,3,1,0,0
250,'2022-02-23 01:19:53.385','1645334952373',1,0,0,0,0,1,0,0,0,0,1,0,1,0
251,'2022-02-23 01:19:53.385','1645334952373',2,0,0,0,0,1,2,0,0,0,1,0,1,0
252,'2022-02-23 01:19:53.385','1645334952373',3,0,0,1,0,1,2,0,0,0,1,0,1,0
253,'2022-02-23 01:19:53.385','1645334952373',4,0,0,1,0,1,2,2,0,0,1,0,1,0
254,'2022-02-23 01:19:53.385','1645334952373',5,1,0,1,0,1,2,2,0,0,1,0,1,0
255,'2022-02-23 01:19:53.385','1645334952373',6,1,2,1,0,1,2,2,0,0,1,0,1,0
256,'2022-02-23 01:19:53.385','1645334952373',7,1,2,1,0,1,2,2,0,0,1,0,1,0
257,'2022-02-23 01:19:53.385','1645335007671',1,0,0,0,0,1,0,0,0,0,3,1,0,0
258,'2022-02-23 01:19:53.385','1645335007671',2,0,0,0,0,1,0,0,0,0,3,1,0,0
259,'2022-02-23 01:19:53.386','1645335007671',3,0,0,0,0,1,0,1,0,0,3,1,0,0
260,'2022-02-23 01:19:53.386','1645335007671',4,0,0,2,0,1,0,1,0,0,3,1,0,0
261,'2022-02-23 01:19:53.386','1645335007671',5,0,0,2,0,1,1,1,0,0,3,1,0,0
262,'2022-02-23 01:19:53.386','1645335007671',6,0,0,2,2,1,1,1,0,0,3,1,0,0
263,'2022-02-23 01:19:53.386','1645335007671',7,0,1,2,2,1,1,1,0,0,3,1,0,0
264,'2022-02-23 01:19:53.386','1645335007671',8,0,1,2,2,1,1,1,2,0,3,1,0,0
265,'2022-02-23 01:19:53.386','1645335007671',9,1,1,2,2,1,1,1,2,0,3,1,0,0
266,'2022-02-23 01:19:53.386','1645335039816',1,0,0,0,0,1,0,0,0,0,3,1,0,0
267,'2022-02-23 01:19:53.386','1645335039816',2,0,0,0,0,1,0,0,0,0,3,1,0,0
268,'2022-02-23 01:19:53.386','1645335039816',3,0,1,0,0,1,0,0,0,0,3,1,0,0
269,'2022-02-23 01:19:53.386','1645335039816',4,0,1,0,0,1,0,0,2,0,3,1,0,0
270,'2022-02-23 01:19:53.386','1645335039816',5,0,1,0,0,1,0,1,2,0,3,1,0,0
271,'2022-02-23 01:19:53.386','1645335039816',6,0,1,2,0,1,0,1,2,0,3,1,0,0
272,'2022-02-23 01:19:53.386','1645335039816',7,0,1,2,0,1,1,1,2,0,3,1,0,0
273,'2022-02-23 01:19:53.386','1645335039816',8,0,1,2,2,1,1,1,2,0,3,1,0,0
274,'2022-02-23 01:19:53.386','1645335039816',9,1,1,2,2,1,1,1,2,0,3,1,0,0
275,'2022-02-23 01:19:53.386','1645335084769',1,0,0,0,0,1,0,0,0,0,3,1,0,0
276,'2022-02-23 01:19:53.386','1645335084769',2,0,0,0,0,1,0,0,0,0,3,1,0,0
277,'2022-02-23 01:19:53.386','1645335084769',3,0,0,1,0,1,0,0,0,0,3,1,0,0
278,'2022-02-23 01:19:53.386','1645335084769',4,0,0,1,0,1,0,2,0,0,3,1,0,0
279,'2022-02-23 01:19:53.386','1645335084769',5,0,0,1,0,1,0,2,1,0,3,1,0,0
280,'2022-02-23 01:19:53.386','1645335084769',6,0,2,1,0,1,0,2,1,0,3,1,0,0
281,'2022-02-23 01:19:53.386','1645335084769',7,0,2,1,1,1,0,2,1,0,3,1,0,0
282,'2022-02-23 01:19:53.386','1645335084769',8,0,2,1,1,1,2,2,1,0,3,1,0,0
283,'2022-02-23 01:19:53.386','1645335084769',9,1,2,1,1,1,2,2,1,0,3,1,0,0
284,'2022-02-23 01:19:53.386','1645335116875',1,0,0,0,0,1,0,0,0,0,3,1,0,0
285,'2022-02-23 01:19:53.386','1645335116875',2,2,0,0,0,1,0,0,0,0,3,1,0,0
286,'2022-02-23 01:19:53.386','1645335116875',3,2,0,0,0,1,1,0,0,0,3,1,0,0
287,'2022-02-23 01:19:53.386','1645335116875',4,2,0,0,2,1,1,0,0,0,3,1,0,0
288,'2022-02-23 01:19:53.386','1645335116875',5,2,0,0,2,1,1,1,0,0,3,1,0,0
289,'2022-02-23 01:19:53.386','1645335116875',6,2,0,2,2,1,1,1,0,0,3,1,0,0
290,'2022-02-23 01:19:53.386','1645335116875',7,2,1,2,2,1,1,1,0,0,3,1,0,0
291,'2022-02-23 01:19:53.386','1645335116875',8,2,1,2,2,1,1,1,2,0,3,1,0,0
292,'2022-02-23 01:19:53.386','1645335116875',9,2,1,2,2,1,1,1,2,0,3,1,0,0
293,'2022-02-23 01:19:53.386','1645335171653',1,0,0,0,0,1,0,0,0,0,1,0,1,0
294,'2022-02-23 01:19:53.386','1645335171653',2,0,2,0,0,1,0,0,0,0,1,0,1,0
295,'2022-02-23 01:19:53.386','1645335171653',3,0,2,0,1,1,0,0,0,0,1,0,1,0
296,'2022-02-23 01:19:53.386','1645335171653',4,0,2,0,1,1,2,0,0,0,1,0,1,0
297,'2022-02-23 01:19:53.386','1645335171653',5,0,2,0,1,1,2,1,0,0,1,0,1,0
298,'2022-02-23 01:19:53.386','1645335171653',6,2,2,0,1,1,2,1,0,0,1,0,1,0
299,'2022-02-23 01:19:53.386','1645335171653',7,2,2,1,1,1,2,1,0,0,1,0,1,0
300,'2022-02-23 01:19:53.386','1645335251712',1,0,0,0,0,1,0,0,0,0,3,1,0,0
301,'2022-02-23 01:19:53.386','1645335251712',2,2,0,0,0,1,0,0,0,0,3,1,0,0
302,'2022-02-23 01:19:53.386','1645335251712',3,2,0,0,1,1,0,0,0,0,3,1,0,0
303,'2022-02-23 01:19:53.386','1645335251712',4,2,0,0,1,1,2,0,0,0,3,1,0,0
304,'2022-02-23 01:19:53.386','1645335251712',5,2,0,1,1,1,2,0,0,0,3,1,0,0
305,'2022-02-23 01:19:53.386','1645335251712',6,2,0,1,1,1,2,2,0,0,3,1,0,0
306,'2022-02-23 01:19:53.386','1645335251712',7,2,0,1,1,1,2,2,1,0,3,1,0,0
307,'2022-02-23 01:19:53.386','1645335251712',8,2,2,1,1,1,2,2,1,0,3,1,0,0
308,'2022-02-23 01:19:53.386','1645335251712',9,2,2,1,1,1,2,2,1,0,3,1,0,0
309,'2022-02-23 01:19:53.386','1645335302978',1,0,0,0,0,1,0,0,0,0,3,1,0,0
310,'2022-02-23 01:19:53.386','1645335302978',2,0,0,0,0,1,0,2,0,0,3,1,0,0
311,'2022-02-23 01:19:53.386','1645335302978',3,0,0,0,0,1,0,2,0,0,3,1,0,0
312,'2022-02-23 01:19:53.386','1645335302978',4,2,0,0,0,1,0,2,0,0,3,1,0,0
313,'2022-02-23 01:19:53.386','1645335302978',5,2,0,0,1,1,0,2,0,0,3,1,0,0
314,'2022-02-23 01:19:53.386','1645335302978',6,2,0,0,1,1,2,2,0,0,3,1,0,0
315,'2022-02-23 01:19:53.386','1645335302978',7,2,1,0,1,1,2,2,0,0,3,1,0,0
316,'2022-02-23 01:19:53.386','1645335302978',8,2,1,0,1,1,2,2,2,0,3,1,0,0
317,'2022-02-23 01:19:53.386','1645335302978',9,2,1,1,1,1,2,2,2,0,3,1,0,0
318,'2022-02-23 01:19:53.386','1645335396597',1,0,0,0,0,0,0,0,1,0,1,0,1,0
319,'2022-02-23 01:19:53.386','1645335396597',2,0,0,0,0,0,2,0,1,0,1,0,1,0
320,'2022-02-23 01:19:53.386','1645335396597',3,0,0,0,0,1,2,0,1,0,1,0,1,0
321,'2022-02-23 01:19:53.386','1645335396597',4,0,2,0,0,1,2,0,1,0,1,0,1,0
322,'2022-02-23 01:19:53.386','1645335396597',5,0,2,0,0,1,2,1,1,0,1,0,1,0
323,'2022-02-23 01:19:53.386','1645335396597',6,0,2,0,0,1,2,1,1,0,1,0,1,0
324,'2022-02-23 01:19:53.386','1645335396597',7,0,2,1,0,1,2,1,1,0,1,0,1,0
325,'2022-02-23 01:19:53.386','1645335425406',1,0,0,0,0,0,0,0,1,0,1,0,1,0
326,'2022-02-23 01:19:53.386','1645335425406',2,2,0,0,0,0,0,0,1,0,1,0,1,0
327,'2022-02-23 01:19:53.386','1645335425406',3,2,0,0,0,0,0,1,1,0,1,0,1,0
328,'2022-02-23 01:19:53.386','1645335425406',4,2,0,0,0,0,0,1,1,0,1,0,1,0
329,'2022-02-23 01:19:53.386','1645335425406',5,2,0,0,0,1,0,1,1,0,1,0,1,0
330,'2022-02-23 01:19:53.386','1645335425406',6,2,2,0,0,1,0,1,1,0,1,0,1,0
331,'2022-02-23 01:19:53.386','1645335425406',7,2,2,1,0,1,0,1,1,0,1,0,1,0
332,'2022-02-23 01:19:53.386','1645335446078',1,0,1,0,0,0,0,0,0,0,3,1,0,0
333,'2022-02-23 01:19:53.386','1645335446078',2,0,1,0,2,0,0,0,0,0,3,1,0,0
334,'2022-02-23 01:19:53.386','1645335446078',3,0,1,0,2,1,0,0,0,0,3,1,0,0
335,'2022-02-23 01:19:53.386','1645335446078',4,0,1,0,2,1,0,0,2,0,3,1,0,0
336,'2022-02-23 01:19:53.386','1645335446078',5,0,1,0,2,1,0,1,2,0,3,1,0,0
337,'2022-02-23 01:19:53.386','1645335446078',6,0,1,2,2,1,0,1,2,0,3,1,0,0
338,'2022-02-23 01:19:53.386','1645335446078',7,0,1,2,2,1,0,1,2,0,3,1,0,0
339,'2022-02-23 01:19:53.386','1645335446078',8,2,1,2,2,1,0,1,2,0,3,1,0,0
340,'2022-02-23 01:19:53.386','1645335446078',9,2,1,2,2,1,1,1,2,0,3,1,0,0
341,'2022-02-23 01:19:53.386','1645335467199',1,0,0,0,0,0,0,0,1,0,3,1,0,0
342,'2022-02-23 01:19:53.386','1645335467199',2,0,0,0,0,0,0,0,1,0,3,1,0,0
343,'2022-02-23 01:19:53.386','1645335467199',3,0,0,0,0,1,0,0,1,0,3,1,0,0
344,'2022-02-23 01:19:53.386','1645335467199',4,0,2,0,0,1,0,0,1,0,3,1,0,0
345,'2022-02-23 01:19:53.386','1645335467199',5,0,2,1,0,1,0,0,1,0,3,1,0,0
346,'2022-02-23 01:19:53.386','1645335467199',6,0,2,1,0,1,0,2,1,0,3,1,0,0
347,'2022-02-23 01:19:53.386','1645335467199',7,0,2,1,1,1,0,2,1,0,3,1,0,0
348,'2022-02-23 01:19:53.386','1645335467199',8,0,2,1,1,1,2,2,1,0,3,1,0,0
349,'2022-02-23 01:19:53.386','1645335467199',9,1,2,1,1,1,2,2,1,0,3,1,0,0
350,'2022-02-23 01:19:53.386','1645335485687',1,0,1,0,0,0,0,0,0,0,3,1,0,0
351,'2022-02-23 01:19:53.386','1645335485687',2,0,1,0,0,0,0,0,0,0,3,1,0,0
352,'2022-02-23 01:19:53.386','1645335485687',3,0,1,0,0,1,0,0,0,0,3,1,0,0
353,'2022-02-23 01:19:53.386','1645335485687',4,0,1,0,0,1,0,0,2,0,3,1,0,0
354,'2022-02-23 01:19:53.386','1645335485687',5,0,1,0,0,1,0,1,2,0,3,1,0,0
355,'2022-02-23 01:19:53.386','1645335485687',6,0,1,2,0,1,0,1,2,0,3,1,0,0
356,'2022-02-23 01:19:53.386','1645335485687',7,0,1,2,0,1,1,1,2,0,3,1,0,0
357,'2022-02-23 01:19:53.386','1645335485687',8,0,1,2,2,1,1,1,2,0,3,1,0,0
358,'2022-02-23 01:19:53.386','1645335485687',9,1,1,2,2,1,1,1,2,0,3,1,0,0
359,'2022-02-23 01:19:53.386','1645335498721',1,0,0,0,0,0,0,1,0,0,1,0,1,0
360,'2022-02-23 01:19:53.386','1645335498721',2,0,2,0,0,0,0,1,0,0,1,0,1,0
361,'2022-02-23 01:19:53.386','1645335498721',3,0,2,0,0,1,0,1,0,0,1,0,1,0
362,'2022-02-23 01:19:53.386','1645335498721',4,0,2,2,0,1,0,1,0,0,1,0,1,0
363,'2022-02-23 01:19:53.386','1645335498721',5,1,2,2,0,1,0,1,0,0,1,0,1,0
364,'2022-02-23 01:19:53.386','1645335498721',6,1,2,2,2,1,0,1,0,0,1,0,1,0
365,'2022-02-23 01:19:53.386','1645335498721',7,1,2,2,2,1,0,1,0,0,1,0,1,0
366,'2022-02-23 01:19:53.386','1645335514577',1,0,0,0,0,0,0,1,0,0,1,0,1,0
367,'2022-02-23 01:19:53.386','1645335514577',2,0,0,2,0,0,0,1,0,0,1,0,1,0
368,'2022-02-23 01:19:53.386','1645335514577',3,0,0,2,0,1,0,1,0,0,1,0,1,0
369,'2022-02-23 01:19:53.386','1645335514577',4,0,2,2,0,1,0,1,0,0,1,0,1,0
370,'2022-02-23 01:19:53.386','1645335514577',5,1,2,2,0,1,0,1,0,0,1,0,1,0
371,'2022-02-23 01:19:53.386','1645335514577',6,1,2,2,2,1,0,1,0,0,1,0,1,0
372,'2022-02-23 01:19:53.386','1645335514577',7,1,2,2,2,1,0,1,0,0,1,0,1,0
373,'2022-02-23 01:19:53.386','1645335526514',1,0,0,0,0,0,0,1,0,0,1,0,1,0
374,'2022-02-23 01:19:53.386','1645335526514',2,0,0,0,0,0,2,1,0,0,1,0,1,0
375,'2022-02-23 01:19:53.386','1645335526514',3,0,0,0,0,1,2,1,0,0,1,0,1,0
376,'2022-02-23 01:19:53.386','1645335526514',4,0,0,2,0,1,2,1,0,0,1,0,1,0
377,'2022-02-23 01:19:53.386','1645335526514',5,0,0,2,0,1,2,1,0,0,1,0,1,0
378,'2022-02-23 01:19:53.386','1645335526514',6,0,0,2,0,1,2,1,2,0,1,0,1,0
379,'2022-02-23 01:19:53.386','1645335526514',7,1,0,2,0,1,2,1,2,0,1,0,1,0
380,'2022-02-23 01:19:53.386','1645335540738',1,0,0,0,0,0,0,1,0,0,1,0,1,0
381,'2022-02-23 01:19:53.386','1645335540738',2,0,0,0,2,0,0,1,0,0,1,0,1,0
382,'2022-02-23 01:19:53.386','1645335540738',3,0,0,0,2,1,0,1,0,0,1,0,1,0
383,'2022-02-23 01:19:53.386','1645335540738',4,0,0,2,2,1,0,1,0,0,1,0,1,0
384,'2022-02-23 01:19:53.386','1645335540738',5,0,0,2,2,1,0,1,1,0,1,0,1,0
385,'2022-02-23 01:19:53.386','1645335540738',6,0,0,2,2,1,0,1,1,0,1,0,1,0
386,'2022-02-23 01:19:53.386','1645335540738',7,0,1,2,2,1,0,1,1,0,1,0,1,0
387,'2022-02-23 01:19:53.386','1645335566979',1,0,0,0,0,0,0,1,0,0,3,1,0,0
388,'2022-02-23 01:19:53.386','1645335566979',2,0,0,0,0,2,0,1,0,0,3,1,0,0
389,'2022-02-23 01:19:53.386','1645335566979',3,0,0,0,0,2,0,1,0,0,3,1,0,0
390,'2022-02-23 01:19:53.386','1645335566979',4,0,0,0,0,2,0,1,2,0,3,1,0,0
391,'2022-02-23 01:19:53.386','1645335566979',5,0,1,0,0,2,0,1,2,0,3,1,0,0
392,'2022-02-23 01:19:53.386','1645335566979',6,0,1,0,2,2,0,1,2,0,3,1,0,0
393,'2022-02-23 01:19:53.386','1645335566979',7,0,1,0,2,2,1,1,2,0,3,1,0,0
394,'2022-02-23 01:19:53.386','1645335566979',8,0,1,2,2,2,1,1,2,0,3,1,0,0
395,'2022-02-23 01:19:53.386','1645335566979',9,1,1,2,2,2,1,1,2,0,3,1,0,0
396,'2022-02-23 01:19:53.387','1645335591916',1,0,0,0,0,0,0,1,0,0,1,0,1,0
397,'2022-02-23 01:19:53.387','1645335591916',2,0,0,0,0,0,0,1,2,0,1,0,1,0
398,'2022-02-23 01:19:53.387','1645335591916',3,0,0,0,0,1,0,1,2,0,1,0,1,0
399,'2022-02-23 01:19:53.387','1645335591916',4,0,0,2,0,1,0,1,2,0,1,0,1,0
400,'2022-02-23 01:19:53.387','1645335591916',5,1,0,2,0,1,0,1,2,0,1,0,1,0
401,'2022-02-23 01:19:53.387','1645335591916',6,1,0,2,2,1,0,1,2,0,1,0,1,0
402,'2022-02-23 01:19:53.387','1645335591916',7,1,0,2,2,1,0,1,2,0,1,0,1,0
403,'2022-02-23 01:19:53.387','1645335607164',1,0,0,0,0,0,0,1,0,0,3,1,0,0
404,'2022-02-23 01:19:53.387','1645335607164',2,0,0,0,0,2,0,1,0,0,3,1,0,0
405,'2022-02-23 01:19:53.387','1645335607164',3,1,0,0,0,2,0,1,0,0,3,1,0,0
406,'2022-02-23 01:19:53.387','1645335607164',4,1,0,0,2,2,0,1,0,0,3,1,0,0
407,'2022-02-23 01:19:53.387','1645335607164',5,1,0,0,2,2,1,1,0,0,3,1,0,0
408,'2022-02-23 01:19:53.387','1645335607164',6,1,2,0,2,2,1,1,0,0,3,1,0,0
409,'2022-02-23 01:19:53.387','1645335607164',7,1,2,0,2,2,1,1,1,0,3,1,0,0
410,'2022-02-23 01:19:53.387','1645335607164',8,1,2,0,2,2,1,1,1,0,3,1,0,0
411,'2022-02-23 01:19:53.387','1645335607164',9,1,2,1,2,2,1,1,1,0,3,1,0,0
412,'2022-02-23 01:19:53.387','1645335635662',1,0,0,0,0,1,0,0,0,0,3,1,0,0
413,'2022-02-23 01:19:53.387','1645335635662',2,0,0,2,0,1,0,0,0,0,3,1,0,0
414,'2022-02-23 01:19:53.387','1645335635662',3,0,0,2,0,1,0,0,0,0,3,1,0,0
415,'2022-02-23 01:19:53.387','1645335635662',4,2,0,2,0,1,0,0,0,0,3,1,0,0
416,'2022-02-23 01:19:53.387','1645335635662',5,2,1,2,0,1,0,0,0,0,3,1,0,0
417,'2022-02-23 01:19:53.387','1645335635662',6,2,1,2,0,1,0,0,2,0,3,1,0,0
418,'2022-02-23 01:19:53.387','1645335635662',7,2,1,2,1,1,0,0,2,0,3,1,0,0
419,'2022-02-23 01:19:53.387','1645335635662',8,2,1,2,1,1,2,0,2,0,3,1,0,0
420,'2022-02-23 01:19:53.387','1645335635662',9,2,1,2,1,1,2,1,2,0,3,1,0,0
421,'2022-02-23 01:19:53.387','1645335660102',1,0,0,0,0,0,0,1,0,0,1,0,1,0
422,'2022-02-23 01:19:53.387','1645335660102',2,0,0,0,2,0,0,1,0,0,1,0,1,0
423,'2022-02-23 01:19:53.387','1645335660102',3,0,0,0,2,1,0,1,0,0,1,0,1,0
424,'2022-02-23 01:19:53.387','1645335660102',4,0,0,2,2,1,0,1,0,0,1,0,1,0
425,'2022-02-23 01:19:53.387','1645335660102',5,0,0,2,2,1,0,1,0,0,1,0,1,0
426,'2022-02-23 01:19:53.387','1645335660102',6,0,0,2,2,1,0,1,2,0,1,0,1,0
427,'2022-02-23 01:19:53.387','1645335660102',7,1,0,2,2,1,0,1,2,0,1,0,1,0
428,'2022-02-23 01:19:53.387','1645335684416',1,0,0,0,0,1,0,0,0,0,2,0,0,1
429,'2022-02-23 01:19:53.387','1645335684416',2,2,0,0,0,1,0,0,0,0,2,0,0,1
430,'2022-02-23 01:19:53.387','1645335684416',3,2,0,1,0,1,0,0,0,0,2,0,0,1
431,'2022-02-23 01:19:53.387','1645335684416',4,2,0,1,0,1,0,2,0,0,2,0,0,1
432,'2022-02-23 01:19:53.387','1645335684416',5,2,1,1,0,1,0,2,0,0,2,0,0,1
433,'2022-02-23 01:19:53.387','1645335684416',6,2,1,1,2,1,0,2,0,0,2,0,0,1
434,'2022-02-23 01:19:53.387','1645335711344',1,0,0,0,0,1,0,0,0,0,3,1,0,0
435,'2022-02-23 01:19:53.387','1645335711344',2,0,0,0,0,1,0,2,0,0,3,1,0,0
436,'2022-02-23 01:19:53.387','1645335711344',3,0,1,0,0,1,0,2,0,0,3,1,0,0
437,'2022-02-23 01:19:53.387','1645335711344',4,0,1,0,0,1,0,2,2,0,3,1,0,0
438,'2022-02-23 01:19:53.387','1645335711344',5,0,1,0,0,1,0,2,2,0,3,1,0,0
439,'2022-02-23 01:19:53.387','1645335711344',6,2,1,0,0,1,0,2,2,0,3,1,0,0
440,'2022-02-23 01:19:53.387','1645335711344',7,2,1,0,1,1,0,2,2,0,3,1,0,0
441,'2022-02-23 01:19:53.387','1645335711344',8,2,1,0,1,1,2,2,2,0,3,1,0,0
442,'2022-02-23 01:19:53.387','1645335711344',9,2,1,1,1,1,2,2,2,0,3,1,0,0
443,'2022-02-23 01:19:53.387','1645335725297',1,0,0,0,0,1,0,0,0,0,1,0,1,0
444,'2022-02-23 01:19:53.387','1645335725297',2,0,2,0,0,1,0,0,0,0,1,0,1,0
445,'2022-02-23 01:19:53.387','1645335725297',3,0,2,1,0,1,0,0,0,0,1,0,1,0
446,'2022-02-23 01:19:53.387','1645335725297',4,0,2,1,0,1,0,2,0,0,1,0,1,0
447,'2022-02-23 01:19:53.387','1645335725297',5,0,2,1,0,1,0,2,0,0,1,0,1,0
448,'2022-02-23 01:19:53.387','1645335725297',6,0,2,1,0,1,2,2,0,0,1,0,1,0
449,'2022-02-23 01:19:53.387','1645335725297',7,1,2,1,0,1,2,2,0,0,1,0,1,0
450,'2022-02-23 01:19:53.387','1645367229487',1,1,0,0,0,0,0,0,0,0,2,0,0,1
451,'2022-02-23 01:19:53.387','1645367229487',2,1,0,0,0,2,0,0,0,0,2,0,0,1
452,'2022-02-23 01:19:53.387','1645367229487',3,1,0,0,0,2,0,0,0,0,2,0,0,1
453,'2022-02-23 01:19:53.387','1645367229487',4,1,0,0,0,2,0,0,2,0,2,0,0,1
454,'2022-02-23 01:19:53.387','1645367229487',5,1,1,0,0,2,0,0,2,0,2,0,0,1
455,'2022-02-23 01:19:53.387','1645367229487',6,1,1,2,0,2,0,0,2,0,2,0,0,1
456,'2022-02-23 01:19:53.387','1645367229487',7,1,1,2,1,2,0,0,2,0,2,0,0,1
457,'2022-02-23 01:19:53.387','1645367229487',8,1,1,2,1,2,0,2,2,0,2,0,0,1
458,'2022-02-23 01:19:53.387','1645367240102',1,0,0,0,0,1,0,0,0,0,1,0,1,0
459,'2022-02-23 01:19:53.387','1645367240102',2,0,0,0,0,1,0,0,2,0,1,0,1,0
460,'2022-02-23 01:19:53.387','1645367240102',3,0,0,0,1,1,0,0,2,0,1,0,1,0
461,'2022-02-23 01:19:53.387','1645367240102',4,0,0,0,1,1,2,0,2,0,1,0,1,0
462,'2022-02-23 01:19:53.387','1645367240102',5,0,0,0,1,1,2,1,2,0,1,0,1,0
463,'2022-02-23 01:19:53.387','1645367240102',6,2,0,0,1,1,2,1,2,0,1,0,1,0
464,'2022-02-23 01:19:53.387','1645367240102',7,2,0,1,1,1,2,1,2,0,1,0,1,0
465,'2022-02-23 01:19:53.387','1645367252414',1,0,0,0,0,1,0,0,0,0,2,0,0,1
466,'2022-02-23 01:19:53.387','1645367252414',2,0,0,0,0,1,0,2,0,0,2,0,0,1
467,'2022-02-23 01:19:53.387','1645367252414',3,0,0,0,0,1,1,2,0,0,2,0,0,1
468,'2022-02-23 01:19:53.387','1645367252414',4,0,0,0,2,1,1,2,0,0,2,0,0,1
469,'2022-02-23 01:19:53.387','1645367252414',5,1,0,0,2,1,1,2,0,0,2,0,0,1
470,'2022-02-23 01:19:53.387','1645367252414',6,1,0,0,2,1,1,2,0,0,2,0,0,1
471,'2022-02-23 01:19:53.387','1645367252414',7,1,1,0,2,1,1,2,0,0,2,0,0,1
472,'2022-02-23 01:19:53.387','1645367252414',8,1,1,0,2,1,1,2,2,0,2,0,0,1
473,'2022-02-23 01:19:53.387','1645367263991',1,0,0,0,0,1,0,0,0,0,3,1,0,0
474,'2022-02-23 01:19:53.387','1645367263991',2,0,0,0,2,1,0,0,0,0,3,1,0,0
475,'2022-02-23 01:19:53.387','1645367263991',3,0,0,0,2,1,0,1,0,0,3,1,0,0
476,'2022-02-23 01:19:53.387','1645367263991',4,0,0,2,2,1,0,1,0,0,3,1,0,0
477,'2022-02-23 01:19:53.387','1645367263991',5,0,1,2,2,1,0,1,0,0,3,1,0,0
478,'2022-02-23 01:19:53.387','1645367263991',6,0,1,2,2,1,0,1,2,0,3,1,0,0
479,'2022-02-23 01:19:53.387','1645367263991',7,0,1,2,2,1,0,1,2,0,3,1,0,0
480,'2022-02-23 01:19:53.387','1645367263991',8,2,1,2,2,1,0,1,2,0,3,1,0,0
481,'2022-02-23 01:19:53.387','1645367263991',9,2,1,2,2,1,1,1,2,0,3,1,0,0
482,'2022-02-23 01:19:53.387','1645367280656',1,0,0,0,0,1,0,0,0,0,2,0,0,1
483,'2022-02-23 01:19:53.387','1645367280656',2,2,0,0,0,1,0,0,0,0,2,0,0,1
484,'2022-02-23 01:19:53.387','1645367280656',3,2,0,0,1,1,0,0,0,0,2,0,0,1
485,'2022-02-23 01:19:53.387','1645367280656',4,2,0,0,1,1,2,0,0,0,2,0,0,1
486,'2022-02-23 01:19:53.387','1645367280656',5,2,0,0,1,1,2,1,0,0,2,0,0,1
487,'2022-02-23 01:19:53.387','1645367280656',6,2,0,2,1,1,2,1,0,0,2,0,0,1
488,'2022-02-23 01:19:53.387','1645367280656',7,2,1,2,1,1,2,1,0,0,2,0,0,1
489,'2022-02-23 01:19:53.387','1645367280656',8,2,1,2,1,1,2,1,0,0,2,0,0,1
490,'2022-02-23 01:19:53.387','1645367309705',1,0,0,0,0,1,0,0,0,0,1,0,1,0
491,'2022-02-23 01:19:53.387','1645367309705',2,0,0,0,0,1,2,0,0,0,1,0,1,0
492,'2022-02-23 01:19:53.387','1645367309705',3,0,0,0,0,1,2,1,0,0,1,0,1,0
493,'2022-02-23 01:19:53.387','1645367309705',4,0,0,2,0,1,2,1,0,0,1,0,1,0
494,'2022-02-23 01:19:53.387','1645367309705',5,0,0,2,0,1,2,1,0,0,1,0,1,0
495,'2022-02-23 01:19:53.387','1645367309705',6,0,0,2,0,1,2,1,2,0,1,0,1,0
496,'2022-02-23 01:19:53.387','1645367309705',7,1,0,2,0,1,2,1,2,0,1,0,1,0
497,'2022-02-23 01:19:53.387','1645367324337',1,0,0,0,0,1,0,0,0,0,1,0,1,0
498,'2022-02-23 01:19:53.387','1645367324337',2,0,2,0,0,1,0,0,0,0,1,0,1,0
499,'2022-02-23 01:19:53.387','1645367324337',3,0,2,0,0,1,0,1,0,0,1,0,1,0
500,'2022-02-23 01:19:53.387','1645367324337',4,0,2,2,0,1,0,1,0,0,1,0,1,0
501,'2022-02-23 01:19:53.387','1645367324337',5,1,2,2,0,1,0,1,0,0,1,0,1,0
502,'2022-02-23 01:19:53.387','1645367324337',6,1,2,2,2,1,0,1,0,0,1,0,1,0
503,'2022-02-23 01:19:53.387','1645367324337',7,1,2,2,2,1,0,1,0,0,1,0,1,0
504,'2022-02-23 01:19:53.387','1645367334009',1,0,0,0,0,1,0,0,0,0,3,1,0,0
505,'2022-02-23 01:19:53.387','1645367334009',2,2,0,0,0,1,0,0,0,0,3,1,0,0
506,'2022-02-23 01:19:53.387','1645367334009',3,2,0,0,0,1,1,0,0,0,3,1,0,0
507,'2022-02-23 01:19:53.387','1645367334009',4,2,0,0,2,1,1,0,0,0,3,1,0,0
508,'2022-02-23 01:19:53.387','1645367334009',5,2,0,0,2,1,1,1,0,0,3,1,0,0
509,'2022-02-23 01:19:53.387','1645367334009',6,2,0,2,2,1,1,1,0,0,3,1,0,0
510,'2022-02-23 01:19:53.387','1645367334009',7,2,1,2,2,1,1,1,0,0,3,1,0,0
511,'2022-02-23 01:19:53.387','1645367334009',8,2,1,2,2,1,1,1,2,0,3,1,0,0
512,'2022-02-23 01:19:53.387','1645367334009',9,2,1,2,2,1,1,1,2,0,3,1,0,0
513,'2022-02-23 01:19:53.387','1645367346362',1,0,0,0,0,1,0,0,0,0,3,1,0,0
514,'2022-02-23 01:19:53.387','1645367346362',2,0,0,0,2,1,0,0,0,0,3,1,0,0
515,'2022-02-23 01:19:53.387','1645367346362',3,0,0,0,2,1,0,1,0,0,3,1,0,0
516,'2022-02-23 01:19:53.387','1645367346362',4,0,0,2,2,1,0,1,0,0,3,1,0,0
517,'2022-02-23 01:19:53.387','1645367346362',5,1,0,2,2,1,0,1,0,0,3,1,0,0
518,'2022-02-23 01:19:53.387','1645367346362',6,1,0,2,2,1,0,1,0,0,3,1,0,0
519,'2022-02-23 01:19:53.387','1645367346362',7,1,0,2,2,1,1,1,0,0,3,1,0,0
520,'2022-02-23 01:19:53.387','1645367346362',8,1,2,2,2,1,1,1,0,0,3,1,0,0
521,'2022-02-23 01:19:53.387','1645367346362',9,1,2,2,2,1,1,1,1,0,3,1,0,0
522,'2022-02-23 01:19:53.387','1645367357618',1,0,0,0,0,1,0,0,0,0,1,0,1,0
523,'2022-02-23 01:19:53.387','1645367357618',2,0,0,0,0,1,2,0,0,0,1,0,1,0
524,'2022-02-23 01:19:53.387','1645367357618',3,1,0,0,0,1,2,0,0,0,1,0,1,0
525,'2022-02-23 01:19:53.387','1645367357618',4,1,0,0,0,1,2,0,0,0,1,0,1,0
526,'2022-02-23 01:19:53.387','1645367357618',5,1,0,1,0,1,2,0,0,0,1,0,1,0
527,'2022-02-23 01:19:53.387','1645367357618',6,1,2,1,0,1,2,0,0,0,1,0,1,0
528,'2022-02-23 01:19:53.387','1645367357618',7,1,2,1,0,1,2,1,0,0,1,0,1,0
529,'2022-02-23 01:19:53.387','1645406410951',1,0,0,0,0,0,0,1,0,0,3,1,0,0
530,'2022-02-23 01:19:53.387','1645406410951',2,0,0,0,0,2,0,1,0,0,3,1,0,0
531,'2022-02-23 01:19:53.387','1645406410951',3,0,0,1,0,2,0,1,0,0,3,1,0,0
532,'2022-02-23 01:19:53.387','1645406410951',4,0,0,1,0,2,0,1,0,0,3,1,0,0
533,'2022-02-23 01:19:53.387','1645406410951',5,1,0,1,0,2,0,1,0,0,3,1,0,0
534,'2022-02-23 01:19:53.387','1645406410951',6,1,2,1,0,2,0,1,0,0,3,1,0,0
535,'2022-02-23 01:19:53.387','1645406410951',7,1,2,1,0,2,0,1,1,0,3,1,0,0
536,'2022-02-23 01:19:53.387','1645406410951',8,1,2,1,2,2,0,1,1,0,3,1,0,0
537,'2022-02-23 01:19:53.387','1645406410951',9,1,2,1,2,2,1,1,1,0,3,1,0,0
538,'2022-02-23 01:19:53.387','1645406615872',1,0,0,0,0,0,0,1,0,0,1,0,1,0
539,'2022-02-23 01:19:53.387','1645406615872',2,0,0,0,0,0,0,1,2,0,1,0,1,0
540,'2022-02-23 01:19:53.387','1645406615872',3,0,0,0,0,0,0,1,2,0,1,0,1,0
541,'2022-02-23 01:19:53.387','1645406615872',4,0,0,0,0,0,2,1,2,0,1,0,1,0
542,'2022-02-23 01:19:53.387','1645406615872',5,0,0,0,0,1,2,1,2,0,1,0,1,0
543,'2022-02-23 01:19:53.387','1645406615872',6,0,0,0,2,1,2,1,2,0,1,0,1,0
544,'2022-02-23 01:19:53.387','1645406615872',7,1,0,0,2,1,2,1,2,0,1,0,1,0
545,'2022-02-23 01:19:53.388','1645406669448',1,0,0,0,0,0,0,1,0,0,3,1,0,0
546,'2022-02-23 01:19:53.388','1645406669448',2,0,0,0,0,2,0,1,0,0,3,1,0,0
547,'2022-02-23 01:19:53.388','1645406669448',3,0,0,0,0,2,0,1,0,0,3,1,0,0
548,'2022-02-23 01:19:53.388','1645406669448',4,0,0,0,0,2,0,1,2,0,3,1,0,0
549,'2022-02-23 01:19:53.388','1645406669448',5,0,1,0,0,2,0,1,2,0,3,1,0,0
550,'2022-02-23 01:19:53.388','1645406669448',6,2,1,0,0,2,0,1,2,0,3,1,0,0
551,'2022-02-23 01:19:53.388','1645406669448',7,2,1,0,1,2,0,1,2,0,3,1,0,0
552,'2022-02-23 01:19:53.388','1645406669448',8,2,1,2,1,2,0,1,2,0,3,1,0,0
553,'2022-02-23 01:19:53.388','1645406669448',9,2,1,2,1,2,1,1,2,0,3,1,0,0
554,'2022-02-23 01:19:53.388','1645406684226',1,0,0,0,0,0,0,0,1,0,1,0,1,0
555,'2022-02-23 01:19:53.388','1645406684226',2,0,0,0,0,0,0,2,1,0,1,0,1,0
556,'2022-02-23 01:19:53.388','1645406684226',3,0,0,0,0,1,0,2,1,0,1,0,1,0
557,'2022-02-23 01:19:53.388','1645406684226',4,0,0,0,0,1,0,2,1,0,1,0,1,0
558,'2022-02-23 01:19:53.388','1645406684226',5,0,1,0,0,1,0,2,1,0,1,0,1,0
559,'2022-02-23 01:19:53.388','1645406691026',1,0,0,0,1,0,0,0,0,0,2,0,0,1
560,'2022-02-23 01:19:53.388','1645406691026',2,0,0,0,1,0,0,0,2,0,2,0,0,1
561,'2022-02-23 01:19:53.388','1645406691026',3,0,0,0,1,0,0,0,2,0,2,0,0,1
562,'2022-02-23 01:19:53.388','1645406691026',4,0,0,0,1,2,0,0,2,0,2,0,0,1
563,'2022-02-23 01:19:53.388','1645406691026',5,0,0,0,1,2,0,1,2,0,2,0,0,1
564,'2022-02-23 01:19:53.388','1645406691026',6,0,0,0,1,2,2,1,2,0,2,0,0,1
565,'2022-02-23 01:19:53.388','1645406691026',7,0,0,1,1,2,2,1,2,0,2,0,0,1
566,'2022-02-23 01:19:53.388','1645406691026',8,0,2,1,1,2,2,1,2,0,2,0,0,1
567,'2022-02-23 01:19:53.388','1645406698921',1,0,0,0,1,0,0,0,0,0,2,0,0,1
568,'2022-02-23 01:19:53.388','1645406698921',2,0,0,0,1,0,0,0,2,0,2,0,0,1
569,'2022-02-23 01:19:53.388','1645406698921',3,0,0,0,1,0,1,0,2,0,2,0,0,1
570,'2022-02-23 01:19:53.388','1645406698921',4,0,0,0,1,2,1,0,2,0,2,0,0,1
571,'2022-02-23 01:19:53.388','1645406698921',5,0,0,0,1,2,1,1,2,0,2,0,0,1
572,'2022-02-23 01:19:53.388','1645406698921',6,0,0,0,1,2,1,1,2,0,2,0,0,1
573,'2022-02-23 01:19:53.388','1645406698921',7,0,1,0,1,2,1,1,2,0,2,0,0,1
574,'2022-02-23 01:19:53.388','1645406698921',8,2,1,0,1,2,1,1,2,0,2,0,0,1
575,'2022-02-23 01:19:53.388','1645406810416',1,1,0,0,0,0,0,0,0,0,2,0,0,1
576,'2022-02-23 01:19:53.388','1645406810416',2,1,0,0,0,2,0,0,0,0,2,0,0,1
577,'2022-02-23 01:19:53.388','1645406810416',3,1,0,0,0,2,0,0,0,0,2,0,0,1
578,'2022-02-23 01:19:53.388','1645406810416',4,1,2,0,0,2,0,0,0,0,2,0,0,1
579,'2022-02-23 01:19:53.388','1645406810416',5,1,2,0,0,2,0,0,1,0,2,0,0,1
580,'2022-02-23 01:19:53.388','1645406810416',6,1,2,0,0,2,0,2,1,0,2,0,0,1
581,'2022-02-23 01:19:53.388','1645406810416',7,1,2,0,1,2,0,2,1,0,2,0,0,1
582,'2022-02-23 01:19:53.388','1645406810416',8,1,2,2,1,2,0,2,1,0,2,0,0,1
583,'2022-02-23 01:19:53.388','1645406821014',1,0,0,0,0,1,0,0,0,0,2,0,0,1
584,'2022-02-23 01:19:53.388','1645406821014',2,0,0,0,0,1,0,0,0,0,2,0,0,1
585,'2022-02-23 01:19:53.388','1645406821014',3,0,0,0,0,1,0,0,1,0,2,0,0,1
586,'2022-02-23 01:19:53.388','1645406821014',4,0,2,0,0,1,0,0,1,0,2,0,0,1
587,'2022-02-23 01:19:53.388','1645406821014',5,0,2,0,0,1,0,1,1,0,2,0,0,1
588,'2022-02-23 01:19:53.388','1645406821014',6,0,2,2,0,1,0,1,1,0,2,0,0,1
589,'2022-02-23 01:19:53.388','1645406821014',7,0,2,2,0,1,1,1,1,0,2,0,0,1
590,'2022-02-23 01:19:53.388','1645406821014',8,2,2,2,0,1,1,1,1,0,2,0,0,1
591,'2022-02-23 01:19:53.388','1645406826310',1,0,0,0,0,1,0,0,0,0,3,1,0,0
592,'2022-02-23 01:19:53.388','1645406826310',2,0,0,0,0,1,0,2,0,0,3,1,0,0
593,'2022-02-23 01:19:53.388','1645406826310',3,0,0,0,1,1,0,2,0,0,3,1,0,0
594,'2022-02-23 01:19:53.388','1645406826310',4,0,0,0,1,1,2,2,0,0,3,1,0,0
595,'2022-02-23 01:19:53.388','1645406826310',5,0,0,0,1,1,2,2,1,0,3,1,0,0
596,'2022-02-23 01:19:53.388','1645406826310',6,0,2,0,1,1,2,2,1,0,3,1,0,0
597,'2022-02-23 01:19:53.388','1645406826310',7,1,2,0,1,1,2,2,1,0,3,1,0,0
598,'2022-02-23 01:19:53.388','1645406826310',8,1,2,0,1,1,2,2,1,0,3,1,0,0
599,'2022-02-23 01:19:53.388','1645406826310',9,1,2,1,1,1,2,2,1,0,3,1,0,0
600,'2022-02-23 01:19:53.388','1645406835046',1,0,0,0,0,1,0,0,0,0,1,0,1,0
601,'2022-02-23 01:19:53.388','1645406835046',2,0,0,0,0,1,0,0,2,0,1,0,1,0
602,'2022-02-23 01:19:53.388','1645406835046',3,0,0,0,0,1,1,0,2,0,1,0,1,0
603,'2022-02-23 01:19:53.388','1645406835046',4,0,0,0,2,1,1,0,2,0,1,0,1,0
604,'2022-02-23 01:19:53.388','1645406835046',5,0,0,1,2,1,1,0,2,0,1,0,1,0
605,'2022-02-23 01:19:53.388','1645406835046',6,0,0,1,2,1,1,0,2,0,1,0,1,0
606,'2022-02-23 01:19:53.388','1645406835046',7,0,0,1,2,1,1,1,2,0,1,0,1,0
607,'2022-02-23 01:19:53.388','1645406847398',1,0,0,0,0,1,0,0,0,0,2,0,0,1
608,'2022-02-23 01:19:53.388','1645406847398',2,2,0,0,0,1,0,0,0,0,2,0,0,1
609,'2022-02-23 01:19:53.388','1645406847398',3,2,0,0,1,1,0,0,0,0,2,0,0,1
610,'2022-02-23 01:19:53.388','1645406847398',4,2,0,0,1,1,2,0,0,0,2,0,0,1
611,'2022-02-23 01:19:53.388','1645406847398',5,2,0,0,1,1,2,1,0,0,2,0,0,1
612,'2022-02-23 01:19:53.388','1645406847398',6,2,0,2,1,1,2,1,0,0,2,0,0,1
613,'2022-02-23 01:19:53.388','1645406847398',7,2,1,2,1,1,2,1,0,0,2,0,0,1
614,'2022-02-23 01:19:53.388','1645406847398',8,2,1,2,1,1,2,1,0,0,2,0,0,1
615,'2022-02-23 01:19:53.388','1645406858024',1,0,0,0,0,1,0,0,0,0,3,1,0,0
616,'2022-02-23 01:19:53.388','1645406858024',2,0,0,0,2,1,0,0,0,0,3,1,0,0
617,'2022-02-23 01:19:53.388','1645406858024',3,0,0,0,2,1,1,0,0,0,3,1,0,0
618,'2022-02-23 01:19:53.388','1645406858024',4,2,0,0,2,1,1,0,0,0,3,1,0,0
619,'2022-02-23 01:19:53.388','1645406858024',5,2,0,0,2,1,1,1,0,0,3,1,0,0
620,'2022-02-23 01:19:53.388','1645406858024',6,2,0,2,2,1,1,1,0,0,3,1,0,0
621,'2022-02-23 01:19:53.388','1645406858024',7,2,1,2,2,1,1,1,0,0,3,1,0,0
622,'2022-02-23 01:19:53.388','1645406858024',8,2,1,2,2,1,1,1,2,0,3,1,0,0
623,'2022-02-23 01:19:53.388','1645406858024',9,2,1,2,2,1,1,1,2,0,3,1,0,0
624,'2022-02-23 01:19:53.388','1645406871128',1,0,0,0,0,1,0,0,0,0,3,1,0,0
625,'2022-02-23 01:19:53.388','1645406871128',2,0,0,0,0,1,0,2,0,0,3,1,0,0
626,'2022-02-23 01:19:53.388','1645406871128',3,0,0,0,1,1,0,2,0,0,3,1,0,0
627,'2022-02-23 01:19:53.388','1645406871128',4,0,0,0,1,1,2,2,0,0,3,1,0,0
628,'2022-02-23 01:19:53.388','1645406871128',5,0,1,0,1,1,2,2,0,0,3,1,0,0
629,'2022-02-23 01:19:53.388','1645406871128',6,0,1,0,1,1,2,2,2,0,3,1,0,0
630,'2022-02-23 01:19:53.388','1645406871128',7,0,1,0,1,1,2,2,2,0,3,1,0,0
631,'2022-02-23 01:19:53.388','1645406871128',8,2,1,0,1,1,2,2,2,0,3,1,0,0
632,'2022-02-23 01:19:53.388','1645406871128',9,2,1,1,1,1,2,2,2,0,3,1,0,0
633,'2022-02-23 01:19:53.388','1645406887424',1,0,0,0,0,1,0,0,0,0,3,1,0,0
634,'2022-02-23 01:19:53.388','1645406887424',2,0,0,0,0,1,0,0,0,0,3,1,0,0
635,'2022-02-23 01:19:53.388','1645406887424',3,0,0,0,1,1,0,0,0,0,3,1,0,0
636,'2022-02-23 01:19:53.388','1645406887424',4,0,0,0,1,1,2,0,0,0,3,1,0,0
637,'2022-02-23 01:19:53.388','1645406887424',5,0,0,1,1,1,2,0,0,0,3,1,0,0
638,'2022-02-23 01:19:53.388','1645406887424',6,0,0,1,1,1,2,2,0,0,3,1,0,0
639,'2022-02-23 01:19:53.388','1645406887424',7,0,0,1,1,1,2,2,1,0,3,1,0,0
640,'2022-02-23 01:19:53.388','1645406887424',8,0,2,1,1,1,2,2,1,0,3,1,0,0
641,'2022-02-23 01:19:53.388','1645406887424',9,1,2,1,1,1,2,2,1,0,3,1,0,0
642,'2022-02-23 01:19:53.388','1645406911617',1,0,0,0,0,1,0,0,0,0,1,0,1,0
643,'2022-02-23 01:19:53.388','1645406911617',2,0,0,0,0,1,2,0,0,0,1,0,1,0
644,'2022-02-23 01:19:53.388','1645406911617',3,0,0,0,0,1,2,0,1,0,1,0,1,0
645,'2022-02-23 01:19:53.388','1645406911617',4,0,2,0,0,1,2,0,1,0,1,0,1,0
646,'2022-02-23 01:19:53.388','1645406911617',5,0,2,0,0,1,2,1,1,0,1,0,1,0
647,'2022-02-23 01:19:53.388','1645406911617',6,0,2,0,0,1,2,1,1,0,1,0,1,0
648,'2022-02-23 01:19:53.388','1645406911617',7,0,2,1,0,1,2,1,1,0,1,0,1,0
649,'2022-02-23 01:19:53.388','1645406923785',1,0,0,0,0,1,0,0,0,0,3,1,0,0
650,'2022-02-23 01:19:53.388','1645406923785',2,0,0,2,0,1,0,0,0,0,3,1,0,0
651,'2022-02-23 01:19:53.388','1645406923785',3,0,0,2,0,1,0,0,1,0,3,1,0,0
652,'2022-02-23 01:19:53.388','1645406923785',4,0,2,2,0,1,0,0,1,0,3,1,0,0
653,'2022-02-23 01:19:53.388','1645406923785',5,1,2,2,0,1,0,0,1,0,3,1,0,0
654,'2022-02-23 01:19:53.388','1645406923785',6,1,2,2,0,1,0,0,1,0,3,1,0,0
655,'2022-02-23 01:19:53.388','1645406923785',7,1,2,2,0,1,1,0,1,0,3,1,0,0
656,'2022-02-23 01:19:53.388','1645406923785',8,1,2,2,2,1,1,0,1,0,3,1,0,0
657,'2022-02-23 01:19:53.388','1645406923785',9,1,2,2,2,1,1,1,1,0,3,1,0,0
658,'2022-02-23 01:19:53.388','1645406938890',1,0,0,0,0,1,0,0,0,0,3,1,0,0
659,'2022-02-23 01:19:53.388','1645406938890',2,0,0,0,0,1,0,0,0,0,3,1,0,0
660,'2022-02-23 01:19:53.388','1645406938890',3,0,1,0,0,1,0,0,0,0,3,1,0,0
661,'2022-02-23 01:19:53.388','1645406938890',4,0,1,0,0,1,0,0,2,0,3,1,0,0
662,'2022-02-23 01:19:53.388','1645406938890',5,0,1,0,0,1,0,1,2,0,3,1,0,0
663,'2022-02-23 01:19:53.388','1645406938890',6,0,1,2,0,1,0,1,2,0,3,1,0,0
664,'2022-02-23 01:19:53.388','1645406938890',7,0,1,2,0,1,1,1,2,0,3,1,0,0
665,'2022-02-23 01:19:53.388','1645406938890',8,0,1,2,2,1,1,1,2,0,3,1,0,0
666,'2022-02-23 01:19:53.388','1645406938890',9,1,1,2,2,1,1,1,2,0,3,1,0,0
667,'2022-02-23 01:19:53.388','1645406953386',1,0,0,0,0,1,0,0,0,0,3,1,0,0
668,'2022-02-23 01:19:53.388','1645406953386',2,0,0,0,0,1,0,2,0,0,3,1,0,0
669,'2022-02-23 01:19:53.388','1645406953386',3,0,1,0,0,1,0,2,0,0,3,1,0,0
670,'2022-02-23 01:19:53.388','1645406953386',4,0,1,0,0,1,0,2,2,0,3,1,0,0
671,'2022-02-23 01:19:53.388','1645406953386',5,0,1,0,0,1,0,2,2,0,3,1,0,0
672,'2022-02-23 01:19:53.388','1645406953386',6,2,1,0,0,1,0,2,2,0,3,1,0,0
673,'2022-02-23 01:19:53.388','1645406953386',7,2,1,0,1,1,0,2,2,0,3,1,0,0
674,'2022-02-23 01:19:53.388','1645406953386',8,2,1,0,1,1,2,2,2,0,3,1,0,0
675,'2022-02-23 01:19:53.388','1645406953386',9,2,1,1,1,1,2,2,2,0,3,1,0,0
676,'2022-02-23 01:19:53.388','1645406964659',1,0,0,0,0,1,0,0,0,0,3,1,0,0
677,'2022-02-23 01:19:53.388','1645406964659',2,0,0,0,0,1,0,0,0,0,3,1,0,0
678,'2022-02-23 01:19:53.388','1645406964659',3,0,0,0,1,1,0,0,0,0,3,1,0,0
679,'2022-02-23 01:19:53.388','1645406964659',4,0,0,0,1,1,2,0,0,0,3,1,0,0
680,'2022-02-23 01:19:53.388','1645406964659',5,0,0,1,1,1,2,0,0,0,3,1,0,0
681,'2022-02-23 01:19:53.388','1645406964659',6,0,0,1,1,1,2,2,0,0,3,1,0,0
682,'2022-02-23 01:19:53.388','1645406964659',7,0,0,1,1,1,2,2,1,0,3,1,0,0
683,'2022-02-23 01:19:53.388','1645406964659',8,0,2,1,1,1,2,2,1,0,3,1,0,0
684,'2022-02-23 01:19:53.388','1645406964659',9,1,2,1,1,1,2,2,1,0,3,1,0,0
685,'2022-02-23 01:19:53.388','1645406972204',1,0,0,0,0,1,0,0,0,0,3,1,0,0
686,'2022-02-23 01:19:53.388','1645406972204',2,0,0,0,0,1,0,2,0,0,3,1,0,0
687,'2022-02-23 01:19:53.388','1645406972204',3,0,0,0,0,1,0,2,1,0,3,1,0,0
688,'2022-02-23 01:19:53.388','1645406972204',4,0,2,0,0,1,0,2,1,0,3,1,0,0
689,'2022-02-23 01:19:53.388','1645406972204',5,0,2,0,0,1,1,2,1,0,3,1,0,0
690,'2022-02-23 01:19:53.388','1645406972204',6,0,2,0,2,1,1,2,1,0,3,1,0,0
691,'2022-02-23 01:19:53.388','1645406972204',7,1,2,0,2,1,1,2,1,0,3,1,0,0
692,'2022-02-23 01:19:53.388','1645406972204',8,1,2,0,2,1,1,2,1,0,3,1,0,0
693,'2022-02-23 01:19:53.388','1645406972204',9,1,2,1,2,1,1,2,1,0,3,1,0,0
694,'2022-02-23 01:19:53.388','1645406981772',1,0,0,0,0,1,0,0,0,0,3,1,0,0
695,'2022-02-23 01:19:53.388','1645406981772',2,2,0,0,0,1,0,0,0,0,3,1,0,0
696,'2022-02-23 01:19:53.388','1645406981772',3,2,0,0,1,1,0,0,0,0,3,1,0,0
697,'2022-02-23 01:19:53.388','1645406981772',4,2,0,0,1,1,2,0,0,0,3,1,0,0
698,'2022-02-23 01:19:53.388','1645406981772',5,2,0,1,1,1,2,0,0,0,3,1,0,0
699,'2022-02-23 01:19:53.388','1645406981772',6,2,0,1,1,1,2,2,0,0,3,1,0,0
700,'2022-02-23 01:19:53.388','1645406981772',7,2,1,1,1,1,2,2,0,0,3,1,0,0
701,'2022-02-23 01:19:53.388','1645406981772',8,2,1,1,1,1,2,2,2,0,3,1,0,0
702,'2022-02-23 01:19:53.388','1645406981772',9,2,1,1,1,1,2,2,2,0,3,1,0,0
703,'2022-02-23 01:19:53.388','1645406996555',1,0,0,0,0,1,0,0,0,0,3,1,0,0
704,'2022-02-23 01:19:53.388','1645406996555',2,0,2,0,0,1,0,0,0,0,3,1,0,0
705,'2022-02-23 01:19:53.388','1645406996555',3,0,2,0,0,1,1,0,0,0,3,1,0,0
706,'2022-02-23 01:19:53.388','1645406996555',4,0,2,0,2,1,1,0,0,0,3,1,0,0
707,'2022-02-23 01:19:53.388','1645406996555',5,0,2,0,2,1,1,1,0,0,3,1,0,0
708,'2022-02-23 01:19:53.388','1645406996555',6,0,2,2,2,1,1,1,0,0,3,1,0,0
709,'2022-02-23 01:19:53.388','1645406996555',7,1,2,2,2,1,1,1,0,0,3,1,0,0
710,'2022-02-23 01:19:53.388','1645406996555',8,1,2,2,2,1,1,1,0,0,3,1,0,0
711,'2022-02-23 01:19:53.388','1645406996555',9,1,2,2,2,1,1,1,1,0,3,1,0,0
712,'2022-02-23 01:19:53.389','1645407005820',1,0,0,0,0,1,0,0,0,0,3,1,0,0
713,'2022-02-23 01:19:53.389','1645407005820',2,0,0,2,0,1,0,0,0,0,3,1,0,0
714,'2022-02-23 01:19:53.389','1645407005820',3,0,0,2,0,1,1,0,0,0,3,1,0,0
715,'2022-02-23 01:19:53.389','1645407005820',4,0,0,2,2,1,1,0,0,0,3,1,0,0
716,'2022-02-23 01:19:53.389','1645407005820',5,0,1,2,2,1,1,0,0,0,3,1,0,0
717,'2022-02-23 01:19:53.389','1645407005820',6,0,1,2,2,1,1,0,2,0,3,1,0,0
718,'2022-02-23 01:19:53.389','1645407005820',7,1,1,2,2,1,1,0,2,0,3,1,0,0
719,'2022-02-23 01:19:53.389','1645407005820',8,1,1,2,2,1,1,0,2,0,3,1,0,0
720,'2022-02-23 01:19:53.389','1645407005820',9,1,1,2,2,1,1,1,2,0,3,1,0,0
721,'2022-02-23 01:19:53.389','1645407013852',1,0,0,0,0,0,0,0,1,0,3,1,0,0
722,'2022-02-23 01:19:53.389','1645407013852',2,2,0,0,0,0,0,0,1,0,3,1,0,0
723,'2022-02-23 01:19:53.389','1645407013852',3,2,0,0,0,1,0,0,1,0,3,1,0,0
724,'2022-02-23 01:19:53.389','1645407013852',4,2,2,0,0,1,0,0,1,0,3,1,0,0
725,'2022-02-23 01:19:53.389','1645407013852',5,2,2,1,0,1,0,0,1,0,3,1,0,0
726,'2022-02-23 01:19:53.389','1645407013852',6,2,2,1,0,1,0,2,1,0,3,1,0,0
727,'2022-02-23 01:19:53.389','1645407013852',7,2,2,1,1,1,0,2,1,0,3,1,0,0
728,'2022-02-23 01:19:53.389','1645407013852',8,2,2,1,1,1,2,2,1,0,3,1,0,0
729,'2022-02-23 01:19:53.389','1645407013852',9,2,2,1,1,1,2,2,1,0,3,1,0,0
730,'2022-02-23 01:19:53.389','1645407022068',1,0,0,0,0,1,0,0,0,0,2,0,0,1
731,'2022-02-23 01:19:53.389','1645407022068',2,0,0,0,0,1,0,0,0,0,2,0,0,1
732,'2022-02-23 01:19:53.389','1645407022068',3,0,0,0,0,1,1,0,0,0,2,0,0,1
733,'2022-02-23 01:19:53.389','1645407022068',4,0,0,0,2,1,1,0,0,0,2,0,0,1
734,'2022-02-23 01:19:53.389','1645407022068',5,0,0,1,2,1,1,0,0,0,2,0,0,1
735,'2022-02-23 01:19:53.389','1645407022068',6,0,0,1,2,1,1,2,0,0,2,0,0,1
736,'2022-02-23 01:19:53.389','1645407022068',7,1,0,1,2,1,1,2,0,0,2,0,0,1
737,'2022-02-23 01:19:53.389','1645407022068',8,1,0,1,2,1,1,2,2,0,2,0,0,1
738,'2022-02-23 01:19:53.389','1645407032581',1,0,0,0,0,1,0,0,0,0,3,1,0,0
739,'2022-02-23 01:19:53.389','1645407032581',2,0,0,0,0,1,0,0,0,0,3,1,0,0
740,'2022-02-23 01:19:53.389','1645407032581',3,0,0,0,0,1,1,0,0,0,3,1,0,0
741,'2022-02-23 01:19:53.389','1645407032581',4,0,0,0,2,1,1,0,0,0,3,1,0,0
742,'2022-02-23 01:19:53.389','1645407032581',5,0,0,0,2,1,1,1,0,0,3,1,0,0
743,'2022-02-23 01:19:53.389','1645407032581',6,0,0,2,2,1,1,1,0,0,3,1,0,0
744,'2022-02-23 01:19:53.389','1645407032581',7,0,1,2,2,1,1,1,0,0,3,1,0,0
745,'2022-02-23 01:19:53.389','1645407032581',8,0,1,2,2,1,1,1,2,0,3,1,0,0
746,'2022-02-23 01:19:53.389','1645407032581',9,1,1,2,2,1,1,1,2,0,3,1,0,0
747,'2022-02-23 01:19:53.389','1645407046614',1,0,0,0,0,1,0,0,0,0,3,1,0,0
748,'2022-02-23 01:19:53.389','1645407046614',2,0,2,0,0,1,0,0,0,0,3,1,0,0
749,'2022-02-23 01:19:53.389','1645407046614',3,0,2,1,0,1,0,0,0,0,3,1,0,0
750,'2022-02-23 01:19:53.389','1645407046614',4,0,2,1,0,1,0,2,0,0,3,1,0,0
751,'2022-02-23 01:19:53.389','1645407046614',5,0,2,1,1,1,0,2,0,0,3,1,0,0
752,'2022-02-23 01:19:53.389','1645407046614',6,0,2,1,1,1,2,2,0,0,3,1,0,0
753,'2022-02-23 01:19:53.389','1645407046614',7,1,2,1,1,1,2,2,0,0,3,1,0,0
754,'2022-02-23 01:19:53.389','1645407046614',8,1,2,1,1,1,2,2,0,0,3,1,0,0
755,'2022-02-23 01:19:53.389','1645407046614',9,1,2,1,1,1,2,2,1,0,3,1,0,0
756,'2022-02-23 01:19:53.389','1645407066094',1,0,0,0,0,0,0,1,0,0,1,0,1,0
757,'2022-02-23 01:19:53.389','1645407066094',2,0,0,0,0,2,0,1,0,0,1,0,1,0
758,'2022-02-23 01:19:53.389','1645407066094',3,0,0,1,0,2,0,1,0,0,1,0,1,0
759,'2022-02-23 01:19:53.389','1645407066094',4,0,0,1,0,2,0,1,0,0,1,0,1,0
760,'2022-02-23 01:19:53.389','1645407066094',5,1,0,1,0,2,0,1,0,0,1,0,1,0
761,'2022-02-23 01:19:53.389','1645407066094',6,1,0,1,2,2,0,1,0,0,1,0,1,0
762,'2022-02-23 01:19:53.389','1645407066094',7,1,1,1,2,2,0,1,0,0,1,0,1,0
763,'2022-02-23 01:19:53.389','1645407085088',1,0,0,0,0,1,0,0,0,0,3,1,0,0
764,'2022-02-23 01:19:53.389','1645407085088',2,0,0,0,2,1,0,0,0,0,3,1,0,0
765,'2022-02-23 01:19:53.389','1645407085088',3,0,0,0,2,1,0,1,0,0,3,1,0,0
766,'2022-02-23 01:19:53.389','1645407085088',4,0,0,2,2,1,0,1,0,0,3,1,0,0
767,'2022-02-23 01:19:53.389','1645407085088',5,0,1,2,2,1,0,1,0,0,3,1,0,0
768,'2022-02-23 01:19:53.389','1645407085088',6,0,1,2,2,1,0,1,2,0,3,1,0,0
769,'2022-02-23 01:19:53.389','1645407085088',7,0,1,2,2,1,1,1,2,0,3,1,0,0
770,'2022-02-23 01:19:53.389','1645407085088',8,2,1,2,2,1,1,1,2,0,3,1,0,0
771,'2022-02-23 01:19:53.389','1645407085088',9,2,1,2,2,1,1,1,2,0,3,1,0,0
772,'2022-02-23 01:19:53.389','1645409061577',1,0,0,0,0,1,0,0,0,0,2,0,0,1
773,'2022-02-23 01:19:53.389','1645409061577',2,0,0,0,0,1,0,2,0,0,2,0,0,1
774,'2022-02-23 01:19:53.389','1645409061577',3,0,0,0,0,1,0,2,0,0,2,0,0,1
775,'2022-02-23 01:19:53.389','1645409061577',4,2,0,0,0,1,0,2,0,0,2,0,0,1
776,'2022-02-23 01:19:53.389','1645409061577',5,2,0,0,0,1,1,2,0,0,2,0,0,1
777,'2022-02-23 01:19:53.389','1645409061577',6,2,0,0,2,1,1,2,0,0,2,0,0,1
778,'2022-02-23 01:19:53.389','1645411132336',1,1,0,0,0,0,0,0,0,0,2,0,0,1
779,'2022-02-23 01:19:53.389','1645411132336',2,1,0,0,2,0,0,0,0,0,2,0,0,1
780,'2022-02-23 01:19:53.389','1645411132336',3,1,0,0,2,1,0,0,0,0,2,0,0,1
781,'2022-02-23 01:19:53.389','1645411132336',4,1,0,0,2,1,0,0,0,0,2,0,0,1
782,'2022-02-23 01:19:53.389','1645411132336',5,1,0,0,2,1,1,0,0,0,2,0,0,1
783,'2022-02-23 01:19:53.389','1645411132336',6,1,0,0,2,1,1,2,0,0,2,0,0,1
784,'2022-02-23 01:19:53.389','1645411132336',7,1,0,1,2,1,1,2,0,0,2,0,0,1
785,'2022-02-23 01:19:53.389','1645411132336',8,1,0,1,2,1,1,2,2,0,2,0,0,1
786,'2022-02-23 01:19:53.389','1645412681373',1,0,0,0,0,1,0,0,0,0,3,1,0,0
787,'2022-02-23 01:19:53.389','1645412681373',2,0,0,0,0,1,2,0,0,0,3,1,0,0
788,'2022-02-23 01:19:53.389','1645412681373',3,0,0,0,0,1,2,0,0,0,3,1,0,0
789,'2022-02-23 01:19:53.389','1645412681373',4,2,0,0,0,1,2,0,0,0,3,1,0,0
790,'2022-02-23 01:19:53.389','1645412681373',5,2,0,0,1,1,2,0,0,0,3,1,0,0
791,'2022-02-23 01:19:53.389','1645412681373',6,2,2,0,1,1,2,0,0,0,3,1,0,0
792,'2022-02-23 01:19:53.389','1645412681373',7,2,2,1,1,1,2,0,0,0,3,1,0,0
793,'2022-02-23 01:19:53.389','1645412681373',8,2,2,1,1,1,2,2,0,0,3,1,0,0
794,'2022-02-23 01:19:53.389','1645412681373',9,2,2,1,1,1,2,2,1,0,3,1,0,0
795,'2022-02-23 01:19:53.389','1645412694569',1,0,0,0,0,1,0,0,0,0,3,1,0,0
796,'2022-02-23 01:19:53.389','1645412694569',2,0,0,0,0,1,2,0,0,0,3,1,0,0
797,'2022-02-23 01:19:53.389','1645412694569',3,0,0,0,0,1,2,0,1,0,3,1,0,0
798,'2022-02-23 01:19:53.389','1645412694569',4,0,2,0,0,1,2,0,1,0,3,1,0,0
799,'2022-02-23 01:19:53.389','1645412694569',5,1,2,0,0,1,2,0,1,0,3,1,0,0
800,'2022-02-23 01:19:53.389','1645412694569',6,1,2,0,0,1,2,0,1,0,3,1,0,0
801,'2022-02-23 01:19:53.389','1645412694569',7,1,2,1,0,1,2,0,1,0,3,1,0,0
802,'2022-02-23 01:19:53.389','1645412694569',8,1,2,1,0,1,2,2,1,0,3,1,0,0
803,'2022-02-23 01:19:53.389','1645412694569',9,1,2,1,1,1,2,2,1,0,3,1,0,0
804,'2022-02-23 01:19:53.389','1645412707488',1,0,0,0,0,1,0,0,0,0,3,1,0,0
805,'2022-02-23 01:19:53.389','1645412707488',2,0,0,0,0,1,2,0,0,0,3,1,0,0
806,'2022-02-23 01:19:53.389','1645412707488',3,0,0,0,1,1,2,0,0,0,3,1,0,0
807,'2022-02-23 01:19:53.389','1645412707488',4,0,0,2,1,1,2,0,0,0,3,1,0,0
808,'2022-02-23 01:19:53.389','1645412707488',5,0,0,2,1,1,2,0,0,0,3,1,0,0
809,'2022-02-23 01:19:53.389','1645412707488',6,2,0,2,1,1,2,0,0,0,3,1,0,0
810,'2022-02-23 01:19:53.389','1645412707488',7,2,1,2,1,1,2,0,0,0,3,1,0,0
811,'2022-02-23 01:19:53.389','1645412707488',8,2,1,2,1,1,2,0,2,0,3,1,0,0
812,'2022-02-23 01:19:53.389','1645412707488',9,2,1,2,1,1,2,1,2,0,3,1,0,0
813,'2022-02-23 01:19:53.389','1645412714530',1,0,0,0,0,1,0,0,0,0,1,0,1,0
814,'2022-02-23 01:19:53.389','1645412714530',2,0,0,0,0,1,2,0,0,0,1,0,1,0
815,'2022-02-23 01:19:53.389','1645412714530',3,0,0,1,0,1,2,0,0,0,1,0,1,0
816,'2022-02-23 01:19:53.389','1645412714530',4,0,0,1,0,1,2,2,0,0,1,0,1,0
817,'2022-02-23 01:19:53.389','1645412714530',5,1,0,1,0,1,2,2,0,0,1,0,1,0
818,'2022-02-23 01:19:53.389','1645412714530',6,1,2,1,0,1,2,2,0,0,1,0,1,0
819,'2022-02-23 01:19:53.389','1645412714530',7,1,2,1,0,1,2,2,0,0,1,0,1,0
820,'2022-02-23 01:19:53.389','1645412744217',1,1,0,0,0,0,0,0,0,0,1,0,1,0
821,'2022-02-23 01:19:53.389','1645412744217',2,1,0,0,0,2,0,0,0,0,1,0,1,0
822,'2022-02-23 01:19:53.389','1645412744217',3,1,0,0,0,2,0,0,0,0,1,0,1,0
823,'2022-02-23 01:19:53.389','1645412744217',4,1,0,0,0,2,0,2,0,0,1,0,1,0
824,'2022-02-23 01:19:53.389','1645412744217',5,1,0,1,0,2,0,2,0,0,1,0,1,0
825,'2022-02-23 01:19:53.389','1645412744217',6,1,0,1,0,2,2,2,0,0,1,0,1,0
826,'2022-02-23 01:19:53.389','1645412744217',7,1,1,1,0,2,2,2,0,0,1,0,1,0
827,'2022-02-23 01:19:53.389','1645413096570',1,0,0,0,0,0,0,0,1,0,2,0,0,1
828,'2022-02-23 01:19:53.389','1645413096570',2,0,0,0,0,2,0,0,1,0,2,0,0,1
829,'2022-02-23 01:19:53.389','1645413096570',3,0,1,0,0,2,0,0,1,0,2,0,0,1
830,'2022-02-23 01:19:53.389','1645413096570',4,0,1,0,0,2,2,0,1,0,2,0,0,1
831,'2022-02-23 01:19:53.389','1645413096570',5,0,1,0,1,2,2,0,1,0,2,0,0,1
832,'2022-02-23 01:19:53.389','1645413096570',6,2,1,0,1,2,2,0,1,0,2,0,0,1
833,'2022-02-23 01:19:53.389','1645413096570',7,2,1,1,1,2,2,0,1,0,2,0,0,1
834,'2022-02-23 01:19:53.389','1645413096570',8,2,1,1,1,2,2,0,1,0,2,0,0,1
835,'2022-02-23 01:19:53.389','1645413137776',1,0,0,0,0,1,0,0,0,0,1,0,1,0
836,'2022-02-23 01:19:53.389','1645413137776',2,0,0,0,0,1,2,0,0,0,1,0,1,0
837,'2022-02-23 01:19:53.389','1645413137776',3,1,0,0,0,1,2,0,0,0,1,0,1,0
838,'2022-02-23 01:19:53.389','1645413137776',4,1,0,0,0,1,2,0,0,0,1,0,1,0
839,'2022-02-23 01:19:53.389','1645413137776',5,1,0,1,0,1,2,0,0,0,1,0,1,0
840,'2022-02-23 01:19:53.389','1645413137776',6,1,2,1,0,1,2,0,0,0,1,0,1,0
841,'2022-02-23 01:19:53.389','1645413137776',7,1,2,1,0,1,2,1,0,0,1,0,1,0
842,'2022-02-23 01:19:53.389','1645413144040',1,0,0,0,0,1,0,0,0,0,3,1,0,0
843,'2022-02-23 01:19:53.389','1645413144040',2,0,0,0,0,1,0,0,2,0,3,1,0,0
844,'2022-02-23 01:19:53.389','1645413144040',3,0,0,0,0,1,0,0,2,0,3,1,0,0
845,'2022-02-23 01:19:53.389','1645413144040',4,2,0,0,0,1,0,0,2,0,3,1,0,0
846,'2022-02-23 01:19:53.389','1645413144040',5,2,0,0,0,1,0,1,2,0,3,1,0,0
847,'2022-02-23 01:19:53.389','1645413144040',6,2,0,2,0,1,0,1,2,0,3,1,0,0
848,'2022-02-23 01:19:53.389','1645413144040',7,2,1,2,0,1,0,1,2,0,3,1,0,0
849,'2022-02-23 01:19:53.389','1645413144040',8,2,1,2,2,1,0,1,2,0,3,1,0,0
850,'2022-02-23 01:19:53.389','1645413144040',9,2,1,2,2,1,1,1,2,0,3,1,0,0
851,'2022-02-23 01:19:53.389','1645426845398',1,0,1,0,0,0,0,0,0,0,2,0,0,1
852,'2022-02-23 01:19:53.389','1645426845398',2,0,1,0,0,0,0,0,2,0,2,0,0,1
853,'2022-02-23 01:19:53.389','1645426845398',3,0,1,0,0,1,0,0,2,0,2,0,0,1
854,'2022-02-23 01:19:53.389','1645426845398',4,0,1,0,0,1,0,2,2,0,2,0,0,1
855,'2022-02-23 01:19:53.389','1645426845398',5,0,1,0,1,1,0,2,2,0,2,0,0,1
856,'2022-02-23 01:19:53.389','1645426845398',6,0,1,0,1,1,0,2,2,0,2,0,0,1
857,'2022-02-23 01:19:53.389','1645426855045',1,0,0,0,0,1,0,0,0,0,3,1,0,0
858,'2022-02-23 01:19:53.389','1645426855045',2,0,2,0,0,1,0,0,0,0,3,1,0,0
859,'2022-02-23 01:19:53.389','1645426855045',3,0,2,0,0,1,1,0,0,0,3,1,0,0
860,'2022-02-23 01:19:53.389','1645426855045',4,0,2,0,2,1,1,0,0,0,3,1,0,0
861,'2022-02-23 01:19:53.389','1645426855045',5,0,2,0,2,1,1,1,0,0,3,1,0,0
862,'2022-02-23 01:19:53.389','1645426855045',6,0,2,2,2,1,1,1,0,0,3,1,0,0
863,'2022-02-23 01:19:53.389','1645426855045',7,1,2,2,2,1,1,1,0,0,3,1,0,0
864,'2022-02-23 01:19:53.389','1645426855045',8,1,2,2,2,1,1,1,0,0,3,1,0,0
865,'2022-02-23 01:19:53.389','1645426855045',9,1,2,2,2,1,1,1,1,0,3,1,0,0
866,'2022-02-23 01:19:53.389','1645426863718',1,0,0,1,0,0,0,0,0,0,1,0,1,0
867,'2022-02-23 01:19:53.389','1645426863718',2,0,0,1,0,0,2,0,0,0,1,0,1,0
868,'2022-02-23 01:19:53.389','1645426863718',3,0,0,1,0,1,2,0,0,0,1,0,1,0
869,'2022-02-23 01:19:53.389','1645426863718',4,0,0,1,0,1,2,2,0,0,1,0,1,0
870,'2022-02-23 01:19:53.389','1645426863718',5,1,0,1,0,1,2,2,0,0,1,0,1,0
871,'2022-02-23 01:19:53.389','1645426863718',6,1,2,1,0,1,2,2,0,0,1,0,1,0
872,'2022-02-23 01:19:53.389','1645426863718',7,1,2,1,0,1,2,2,0,0,1,0,1,0
873,'2022-02-23 01:19:53.390','1645429564163',1,1,0,0,0,0,0,0,0,0,3,1,0,0
874,'2022-02-23 01:19:53.390','1645429564163',2,1,0,0,0,0,0,0,0,0,3,1,0,0
875,'2022-02-23 01:19:53.390','1645429564163',3,1,0,0,0,0,0,0,1,0,3,1,0,0
876,'2022-02-23 01:19:53.390','1645429564163',4,1,0,0,0,0,0,2,1,0,3,1,0,0
877,'2022-02-23 01:19:53.390','1645429564163',5,1,0,0,0,1,0,2,1,0,3,1,0,0
878,'2022-02-23 01:19:53.390','1645429564163',6,1,2,0,0,1,0,2,1,0,3,1,0,0
879,'2022-02-23 01:19:53.390','1645429564163',7,1,2,0,0,1,1,2,1,0,3,1,0,0
880,'2022-02-23 01:19:53.390','1645429564163',8,1,2,0,2,1,1,2,1,0,3,1,0,0
881,'2022-02-23 01:19:53.390','1645429564163',9,1,2,1,2,1,1,2,1,0,3,1,0,0
882,'2022-02-23 01:19:53.390','1645431705235',1,1,0,0,0,0,0,0,0,0,1,0,1,0
883,'2022-02-23 01:19:53.390','1645431705235',2,1,0,0,0,0,0,2,0,0,1,0,1,0
884,'2022-02-23 01:19:53.390','1645431705235',3,1,1,0,0,0,0,2,0,0,1,0,1,0
885,'2022-02-23 01:19:53.390','1645431705235',4,1,1,2,0,0,0,2,0,0,1,0,1,0
886,'2022-02-23 01:19:53.390','1645431705235',5,1,1,2,0,1,0,2,0,0,1,0,1,0
887,'2022-02-23 01:19:53.390','1645431705235',6,1,1,2,0,1,0,2,2,0,1,0,1,0
888,'2022-02-23 01:19:53.390','1645431705235',7,1,1,2,0,1,0,2,2,0,1,0,1,0
889,'2022-02-23 01:19:53.390','1645431729453',1,1,0,0,0,0,0,0,0,0,2,0,0,1
890,'2022-02-23 01:19:53.390','1645431729453',2,1,0,0,0,0,0,2,0,0,2,0,0,1
891,'2022-02-23 01:19:53.390','1645431729453',3,1,0,0,0,1,0,2,0,0,2,0,0,1
892,'2022-02-23 01:19:53.390','1645431729453',4,1,0,0,0,1,0,2,0,0,2,0,0,1
893,'2022-02-23 01:19:53.390','1645431729453',5,1,1,0,0,1,0,2,0,0,2,0,0,1
894,'2022-02-23 01:19:53.390','1645431729453',6,1,1,0,0,1,0,2,2,0,2,0,0,1
895,'2022-02-23 01:19:53.390','1645434760881',1,0,0,0,0,1,0,0,0,0,1,0,1,0
896,'2022-02-23 01:19:53.390','1645434760881',2,0,0,0,0,1,2,0,0,0,1,0,1,0
897,'2022-02-23 01:19:53.390','1645434760881',3,0,0,0,0,1,2,1,0,0,1,0,1,0
898,'2022-02-23 01:19:53.390','1645434760881',4,0,0,2,0,1,2,1,0,0,1,0,1,0
899,'2022-02-23 01:19:53.390','1645434760881',5,0,0,2,0,1,2,1,0,0,1,0,1,0
900,'2022-02-23 01:19:53.390','1645434760881',6,0,0,2,0,1,2,1,2,0,1,0,1,0
901,'2022-02-23 01:19:53.390','1645434760881',7,1,0,2,0,1,2,1,2,0,1,0,1,0
902,'2022-02-23 01:19:53.390','1645435043742',1,1,0,0,0,0,0,0,0,0,2,0,0,1
903,'2022-02-23 01:19:53.390','1645435043742',2,1,0,0,0,2,0,0,0,0,2,0,0,1
904,'2022-02-23 01:19:53.390','1645435043742',3,1,0,0,0,2,0,0,0,0,2,0,0,1
905,'2022-02-23 01:19:53.390','1645435043742',4,1,2,0,0,2,0,0,0,0,2,0,0,1
906,'2022-02-23 01:19:53.390','1645435043742',5,1,2,0,0,2,0,1,0,0,2,0,0,1
907,'2022-02-23 01:19:53.390','1645435043742',6,1,2,0,0,2,0,1,2,0,2,0,0,1
908,'2022-02-23 01:19:53.390','1645435168082',1,0,1,0,0,0,0,0,0,0,2,0,0,1
909,'2022-02-23 01:19:53.390','1645435168082',2,0,1,0,0,0,0,2,0,0,2,0,0,1
910,'2022-02-23 01:19:53.390','1645435168082',3,0,1,0,0,1,0,2,0,0,2,0,0,1
911,'2022-02-23 01:19:53.390','1645435168082',4,0,1,0,0,1,0,2,2,0,2,0,0,1
912,'2022-02-23 01:19:53.390','1645435168082',5,0,1,0,0,1,0,2,2,0,2,0,0,1
913,'2022-02-23 01:19:53.390','1645435168082',6,2,1,0,0,1,0,2,2,0,2,0,0,1
914,'2022-02-23 01:19:53.390','1645435168082',7,2,1,0,0,1,1,2,2,0,2,0,0,1
915,'2022-02-23 01:19:53.390','1645435168082',8,2,1,0,2,1,1,2,2,0,2,0,0,1
916,'2022-02-23 01:19:53.390','1645451719097',1,1,0,0,0,0,0,0,0,0,1,0,1,0
917,'2022-02-23 01:19:53.390','1645451719097',2,1,2,0,0,0,0,0,0,0,1,0,1,0
918,'2022-02-23 01:19:53.390','1645451719097',3,1,2,0,0,1,0,0,0,0,1,0,1,0
919,'2022-02-23 01:19:53.390','1645451719097',4,1,2,0,0,1,0,0,0,0,1,0,1,0
920,'2022-02-23 01:19:53.390','1645451719097',5,1,2,0,0,1,0,1,0,0,1,0,1,0
921,'2022-02-23 01:19:53.390','1645451719097',6,1,2,0,2,1,0,1,0,0,1,0,1,0
922,'2022-02-23 01:19:53.390','1645451719097',7,1,2,1,2,1,0,1,0,0,1,0,1,0
923,'2022-02-23 01:19:53.390','1645451768365',1,0,0,0,0,1,0,0,0,0,3,1,0,0
924,'2022-02-23 01:19:53.390','1645451768365',2,0,0,0,0,1,0,2,0,0,3,1,0,0
925,'2022-02-23 01:19:53.390','1645451768365',3,1,0,0,0,1,0,2,0,0,3,1,0,0
926,'2022-02-23 01:19:53.390','1645451768365',4,1,0,0,0,1,0,2,0,0,3,1,0,0
927,'2022-02-23 01:19:53.390','1645451768365',5,1,0,0,0,1,0,2,1,0,3,1,0,0
928,'2022-02-23 01:19:53.390','1645451768365',6,1,2,0,0,1,0,2,1,0,3,1,0,0
929,'2022-02-23 01:19:53.390','1645451768365',7,1,2,0,0,1,1,2,1,0,3,1,0,0
930,'2022-02-23 01:19:53.390','1645451768365',8,1,2,0,2,1,1,2,1,0,3,1,0,0
931,'2022-02-23 01:19:53.390','1645451768365',9,1,2,1,2,1,1,2,1,0,3,1,0,0
932,'2022-02-23 01:19:53.390','1645454875900',1,1,0,0,0,0,0,0,0,0,1,0,1,0
933,'2022-02-23 01:19:53.390','1645454875900',2,1,0,0,0,0,0,0,2,0,1,0,1,0
934,'2022-02-23 01:19:53.390','1645454875900',3,1,0,0,0,0,0,1,2,0,1,0,1,0
935,'2022-02-23 01:19:53.390','1645454875900',4,1,0,0,2,0,0,1,2,0,1,0,1,0
936,'2022-02-23 01:19:53.390','1645454875900',5,1,0,1,2,0,0,1,2,0,1,0,1,0
937,'2022-02-23 01:19:53.390','1645454875900',6,1,2,1,2,0,0,1,2,0,1,0,1,0
938,'2022-02-23 01:19:53.390','1645454875900',7,1,2,1,2,1,0,1,2,0,1,0,1,0
939,'2022-02-23 01:19:53.390','1645454921517',1,1,0,0,0,0,0,0,0,0,3,1,0,0
940,'2022-02-23 01:19:53.390','1645454921517',2,1,0,0,0,0,0,2,0,0,3,1,0,0
941,'2022-02-23 01:19:53.390','1645454921517',3,1,0,0,0,1,0,2,0,0,3,1,0,0
942,'2022-02-23 01:19:53.390','1645454921517',4,1,0,0,0,1,0,2,0,0,3,1,0,0
943,'2022-02-23 01:19:53.390','1645454921517',5,1,0,0,0,1,0,2,1,0,3,1,0,0
944,'2022-02-23 01:19:53.390','1645454921517',6,1,2,0,0,1,0,2,1,0,3,1,0,0
945,'2022-02-23 01:19:53.390','1645454921517',7,1,2,0,0,1,1,2,1,0,3,1,0,0
946,'2022-02-23 01:19:53.390','1645454921517',8,1,2,0,2,1,1,2,1,0,3,1,0,0
947,'2022-02-23 01:19:53.390','1645454921517',9,1,2,1,2,1,1,2,1,0,3,1,0,0
948,'2022-02-23 01:19:53.390','1645454943830',1,0,0,0,0,0,0,1,0,0,3,1,0,0
949,'2022-02-23 01:19:53.390','1645454943830',2,0,2,0,0,0,0,1,0,0,3,1,0,0
950,'2022-02-23 01:19:53.390','1645454943830',3,0,2,1,0,0,0,1,0,0,3,1,0,0
951,'2022-02-23 01:19:53.390','1645454943830',4,0,2,1,0,2,0,1,0,0,3,1,0,0
952,'2022-02-23 01:19:53.390','1645454943830',5,0,2,1,0,2,0,1,1,0,3,1,0,0
953,'2022-02-23 01:19:53.390','1645454943830',6,0,2,1,0,2,0,1,1,0,3,1,0,0
954,'2022-02-23 01:19:53.390','1645454943830',7,1,2,1,0,2,0,1,1,0,3,1,0,0
955,'2022-02-23 01:19:53.390','1645454943830',8,1,2,1,2,2,0,1,1,0,3,1,0,0
956,'2022-02-23 01:19:53.390','1645454943830',9,1,2,1,2,2,1,1,1,0,3,1,0,0
957,'2022-02-23 01:19:53.390','1645455530905',1,1,0,0,0,0,0,0,0,0,3,1,0,0
958,'2022-02-23 01:19:53.390','1645455530905',2,1,0,0,0,2,0,0,0,0,3,1,0,0
959,'2022-02-23 01:19:53.390','1645455530905',3,1,0,0,0,2,0,0,0,0,3,1,0,0
960,'2022-02-23 01:19:53.390','1645455530905',4,1,0,0,0,2,0,2,0,0,3,1,0,0
961,'2022-02-23 01:19:53.390','1645455530905',5,1,0,1,0,2,0,2,0,0,3,1,0,0
962,'2022-02-23 01:19:53.390','1645455530905',6,1,2,1,0,2,0,2,0,0,3,1,0,0
963,'2022-02-23 01:19:53.390','1645455530905',7,1,2,1,0,2,0,2,1,0,3,1,0,0
964,'2022-02-23 01:19:53.390','1645455530905',8,1,2,1,0,2,2,2,1,0,3,1,0,0
965,'2022-02-23 01:19:53.390','1645455530905',9,1,2,1,1,2,2,2,1,0,3,1,0,0
966,'2022-02-23 01:19:53.390','1645455633218',1,0,0,0,0,1,0,0,0,0,3,1,0,0
967,'2022-02-23 01:19:53.390','1645455633218',2,2,0,0,0,1,0,0,0,0,3,1,0,0
968,'2022-02-23 01:19:53.390','1645455633218',3,2,0,0,0,1,0,1,0,0,3,1,0,0
969,'2022-02-23 01:19:53.390','1645455633218',4,2,0,2,0,1,0,1,0,0,3,1,0,0
970,'2022-02-23 01:19:53.390','1645455633218',5,2,1,2,0,1,0,1,0,0,3,1,0,0
971,'2022-02-23 01:19:53.390','1645455633218',6,2,1,2,0,1,0,1,2,0,3,1,0,0
972,'2022-02-23 01:19:53.390','1645455633218',7,2,1,2,1,1,0,1,2,0,3,1,0,0
973,'2022-02-23 01:19:53.390','1645455633218',8,2,1,2,1,1,2,1,2,0,3,1,0,0
974,'2022-02-23 01:19:53.390','1645455633218',9,2,1,2,1,1,2,1,2,0,3,1,0,0
975,'2022-02-23 01:19:53.390','1645455643467',1,0,0,0,0,0,0,0,0,0,2,0,0,1
976,'2022-02-23 01:19:53.390','1645455643467',2,0,0,0,0,2,0,0,0,0,2,0,0,1
977,'2022-02-23 01:19:53.390','1645455643467',3,0,0,0,0,2,0,0,1,0,2,0,0,1
978,'2022-02-23 01:19:53.390','1645455643467',4,0,0,0,0,2,0,2,1,0,2,0,0,1
979,'2022-02-23 01:19:53.390','1645455643467',5,0,0,0,1,2,0,2,1,0,2,0,0,1
980,'2022-02-23 01:19:53.390','1645455643467',6,0,0,2,1,2,0,2,1,0,2,0,0,1
981,'2022-02-23 01:19:53.390','1645455653911',1,0,0,0,0,1,0,0,0,0,3,1,0,0
982,'2022-02-23 01:19:53.390','1645455653911',2,0,0,0,2,1,0,0,0,0,3,1,0,0
983,'2022-02-23 01:19:53.390','1645455653911',3,0,0,0,2,1,0,0,0,0,3,1,0,0
984,'2022-02-23 01:19:53.390','1645455653911',4,2,0,0,2,1,0,0,0,0,3,1,0,0
985,'2022-02-23 01:19:53.390','1645455653911',5,2,0,0,2,1,0,1,0,0,3,1,0,0
986,'2022-02-23 01:19:53.390','1645455653911',6,2,0,0,2,1,0,1,2,0,3,1,0,0
987,'2022-02-23 01:19:53.390','1645455653911',7,2,0,0,2,1,1,1,2,0,3,1,0,0
988,'2022-02-23 01:19:53.390','1645455653911',8,2,0,2,2,1,1,1,2,0,3,1,0,0
989,'2022-02-23 01:19:53.390','1645455653911',9,2,1,2,2,1,1,1,2,0,3,1,0,0
990,'2022-02-23 01:19:53.390','1645455663866',1,0,0,0,0,1,0,0,0,0,2,0,0,1
991,'2022-02-23 01:19:53.390','1645455663866',2,0,0,0,0,1,2,0,0,0,2,0,0,1
992,'2022-02-23 01:19:53.390','1645455663866',3,0,0,0,0,1,2,0,1,0,2,0,0,1
993,'2022-02-23 01:19:53.390','1645455663866',4,0,2,0,0,1,2,0,1,0,2,0,0,1
994,'2022-02-23 01:19:53.390','1645455663866',5,0,2,0,0,1,2,1,1,0,2,0,0,1
995,'2022-02-23 01:19:53.390','1645455663866',6,0,2,0,0,1,2,1,1,0,2,0,0,1
996,'2022-02-23 01:19:53.390','1645455663866',7,1,2,0,0,1,2,1,1,0,2,0,0,1
997,'2022-02-23 01:19:53.390','1645455663866',8,1,2,2,0,1,2,1,1,0,2,0,0,1
998,'2022-02-23 01:19:53.390','1645455820606',1,0,0,0,0,1,0,0,0,0,3,1,0,0
999,'2022-02-23 01:19:53.390','1645455820606',2,0,2,0,0,1,0,0,0,0,3,1,0,0
1000,'2022-02-23 01:19:53.390','1645455820606',3,0,2,0,0,1,0,0,1,0,3,1,0,0
1001,'2022-02-23 01:19:53.390','1645455820606',4,2,2,0,0,1,0,0,1,0,3,1,0,0
1002,'2022-02-23 01:19:53.390','1645455820606',5,2,2,1,0,1,0,0,1,0,3,1,0,0
1003,'2022-02-23 01:19:53.390','1645455820606',6,2,2,1,0,1,0,2,1,0,3,1,0,0
1004,'2022-02-23 01:19:53.390','1645455820606',7,2,2,1,1,1,0,2,1,0,3,1,0,0
1005,'2022-02-23 01:19:53.390','1645455820606',8,2,2,1,1,1,2,2,1,0,3,1,0,0
1006,'2022-02-23 01:19:53.390','1645455820606',9,2,2,1,1,1,2,2,1,0,3,1,0,0
1007,'2022-02-23 01:19:53.390','1645455839422',1,0,0,0,0,0,0,0,1,0,2,0,0,1
1008,'2022-02-23 01:19:53.390','1645455839422',2,0,0,0,0,2,0,0,1,0,2,0,0,1
1009,'2022-02-23 01:19:53.390','1645455839422',3,0,0,0,0,2,0,0,1,0,2,0,0,1
1010,'2022-02-23 01:19:53.390','1645455839422',4,0,0,0,0,2,0,2,1,0,2,0,0,1
1011,'2022-02-23 01:19:53.390','1645455839422',5,0,0,1,0,2,0,2,1,0,2,0,0,1
1012,'2022-02-23 01:19:53.390','1645455839422',6,0,0,1,0,2,2,2,1,0,2,0,0,1
1013,'2022-02-23 01:19:53.390','1645455839422',7,1,0,1,0,2,2,2,1,0,2,0,0,1
1014,'2022-02-23 01:19:53.390','1645455839422',8,1,0,1,2,2,2,2,1,0,2,0,0,1
1015,'2022-02-23 01:19:53.390','1645497103188',1,1,0,0,0,0,0,0,0,0,1,0,1,0
1016,'2022-02-23 01:19:53.390','1645497103188',2,1,0,0,0,0,0,0,0,0,1,0,1,0
1017,'2022-02-23 01:19:53.390','1645497103188',3,1,0,0,0,0,0,1,0,0,1,0,1,0
1018,'2022-02-23 01:19:53.390','1645497103188',4,1,0,0,2,0,0,1,0,0,1,0,1,0
1019,'2022-02-23 01:19:53.390','1645497103188',5,1,0,1,2,0,0,1,0,0,1,0,1,0
1020,'2022-02-23 01:19:53.390','1645497103188',6,1,2,1,2,0,0,1,0,0,1,0,1,0
1021,'2022-02-23 01:19:53.390','1645497103188',7,1,2,1,2,1,0,1,0,0,1,0,1,0
1022,'2022-02-23 01:19:53.390','1645497145004',1,0,0,0,0,1,0,0,0,0,3,1,0,0
1023,'2022-02-23 01:19:53.390','1645497145004',2,0,0,2,0,1,0,0,0,0,3,1,0,0
1024,'2022-02-23 01:19:53.390','1645497145004',3,0,0,2,0,1,0,0,0,0,3,1,0,0
1025,'2022-02-23 01:19:53.390','1645497145004',4,2,0,2,0,1,0,0,0,0,3,1,0,0
1026,'2022-02-23 01:19:53.390','1645497145004',5,2,1,2,0,1,0,0,0,0,3,1,0,0
1027,'2022-02-23 01:19:53.390','1645497145004',6,2,1,2,0,1,0,0,2,0,3,1,0,0
1028,'2022-02-23 01:19:53.390','1645497145004',7,2,1,2,1,1,0,0,2,0,3,1,0,0
1029,'2022-02-23 01:19:53.390','1645497145004',8,2,1,2,1,1,2,0,2,0,3,1,0,0
1030,'2022-02-23 01:19:53.390','1645497145004',9,2,1,2,1,1,2,1,2,0,3,1,0,0
1031,'2022-02-23 01:19:53.391','1645497156425',1,0,0,0,0,0,0,0,1,0,1,0,1,0
1032,'2022-02-23 01:19:53.391','1645497156425',2,0,0,0,2,0,0,0,1,0,1,0,1,0
1033,'2022-02-23 01:19:53.391','1645497156425',3,0,0,0,2,0,0,1,1,0,1,0,1,0
1034,'2022-02-23 01:19:53.391','1645497156425',4,0,0,0,2,0,0,1,1,0,1,0,1,0
1035,'2022-02-23 01:19:53.391','1645497156425',5,0,0,0,2,1,0,1,1,0,1,0,1,0
1036,'2022-02-23 01:19:53.391','1645497156425',6,0,0,2,2,1,0,1,1,0,1,0,1,0
1037,'2022-02-23 01:19:53.391','1645497156425',7,0,1,2,2,1,0,1,1,0,1,0,1,0
